--
-- PostgreSQL database dump
--

-- Dumped from database version 12.17 (Debian 12.17-1.pgdg120+1)
-- Dumped by pg_dump version 12.17 (Debian 12.17-1.pgdg120+1)

SET statement_timeout = 0;
SET lock_timeout = 0;
SET idle_in_transaction_session_timeout = 0;
SET client_encoding = 'UTF8';
SET standard_conforming_strings = on;
SELECT pg_catalog.set_config('search_path', '', false);
SET check_function_bodies = false;
SET xmloption = content;
SET client_min_messages = warning;
SET row_security = off;

SET default_tablespace = '';

SET default_table_access_method = heap;

--
-- Name: account_emailaddress; Type: TABLE; Schema: public; Owner: postgres
--

CREATE TABLE public.account_emailaddress (
    id integer NOT NULL,
    email character varying(254) NOT NULL,
    verified boolean NOT NULL,
    "primary" boolean NOT NULL,
    user_id bigint NOT NULL
);


ALTER TABLE public.account_emailaddress OWNER TO postgres;

--
-- Name: account_emailaddress_id_seq; Type: SEQUENCE; Schema: public; Owner: postgres
--

ALTER TABLE public.account_emailaddress ALTER COLUMN id ADD GENERATED BY DEFAULT AS IDENTITY (
    SEQUENCE NAME public.account_emailaddress_id_seq
    START WITH 1
    INCREMENT BY 1
    NO MINVALUE
    NO MAXVALUE
    CACHE 1
);


--
-- Name: account_emailconfirmation; Type: TABLE; Schema: public; Owner: postgres
--

CREATE TABLE public.account_emailconfirmation (
    id integer NOT NULL,
    created timestamp with time zone NOT NULL,
    sent timestamp with time zone,
    key character varying(64) NOT NULL,
    email_address_id integer NOT NULL
);


ALTER TABLE public.account_emailconfirmation OWNER TO postgres;

--
-- Name: account_emailconfirmation_id_seq; Type: SEQUENCE; Schema: public; Owner: postgres
--

ALTER TABLE public.account_emailconfirmation ALTER COLUMN id ADD GENERATED BY DEFAULT AS IDENTITY (
    SEQUENCE NAME public.account_emailconfirmation_id_seq
    START WITH 1
    INCREMENT BY 1
    NO MINVALUE
    NO MAXVALUE
    CACHE 1
);


--
-- Name: auth_group; Type: TABLE; Schema: public; Owner: postgres
--

CREATE TABLE public.auth_group (
    id integer NOT NULL,
    name character varying(150) NOT NULL
);


ALTER TABLE public.auth_group OWNER TO postgres;

--
-- Name: auth_group_id_seq; Type: SEQUENCE; Schema: public; Owner: postgres
--

ALTER TABLE public.auth_group ALTER COLUMN id ADD GENERATED BY DEFAULT AS IDENTITY (
    SEQUENCE NAME public.auth_group_id_seq
    START WITH 1
    INCREMENT BY 1
    NO MINVALUE
    NO MAXVALUE
    CACHE 1
);


--
-- Name: auth_group_permissions; Type: TABLE; Schema: public; Owner: postgres
--

CREATE TABLE public.auth_group_permissions (
    id bigint NOT NULL,
    group_id integer NOT NULL,
    permission_id integer NOT NULL
);


ALTER TABLE public.auth_group_permissions OWNER TO postgres;

--
-- Name: auth_group_permissions_id_seq; Type: SEQUENCE; Schema: public; Owner: postgres
--

ALTER TABLE public.auth_group_permissions ALTER COLUMN id ADD GENERATED BY DEFAULT AS IDENTITY (
    SEQUENCE NAME public.auth_group_permissions_id_seq
    START WITH 1
    INCREMENT BY 1
    NO MINVALUE
    NO MAXVALUE
    CACHE 1
);


--
-- Name: auth_permission; Type: TABLE; Schema: public; Owner: postgres
--

CREATE TABLE public.auth_permission (
    id integer NOT NULL,
    name character varying(255) NOT NULL,
    content_type_id integer NOT NULL,
    codename character varying(100) NOT NULL
);


ALTER TABLE public.auth_permission OWNER TO postgres;

--
-- Name: auth_permission_id_seq; Type: SEQUENCE; Schema: public; Owner: postgres
--

ALTER TABLE public.auth_permission ALTER COLUMN id ADD GENERATED BY DEFAULT AS IDENTITY (
    SEQUENCE NAME public.auth_permission_id_seq
    START WITH 1
    INCREMENT BY 1
    NO MINVALUE
    NO MAXVALUE
    CACHE 1
);


--
-- Name: authtoken_token; Type: TABLE; Schema: public; Owner: postgres
--

CREATE TABLE public.authtoken_token (
    key character varying(40) NOT NULL,
    created timestamp with time zone NOT NULL,
    user_id bigint NOT NULL
);


ALTER TABLE public.authtoken_token OWNER TO postgres;

--
-- Name: django_admin_log; Type: TABLE; Schema: public; Owner: postgres
--

CREATE TABLE public.django_admin_log (
    id integer NOT NULL,
    action_time timestamp with time zone NOT NULL,
    object_id text,
    object_repr character varying(200) NOT NULL,
    action_flag smallint NOT NULL,
    change_message text NOT NULL,
    content_type_id integer,
    user_id bigint NOT NULL,
    CONSTRAINT django_admin_log_action_flag_check CHECK ((action_flag >= 0))
);


ALTER TABLE public.django_admin_log OWNER TO postgres;

--
-- Name: django_admin_log_id_seq; Type: SEQUENCE; Schema: public; Owner: postgres
--

ALTER TABLE public.django_admin_log ALTER COLUMN id ADD GENERATED BY DEFAULT AS IDENTITY (
    SEQUENCE NAME public.django_admin_log_id_seq
    START WITH 1
    INCREMENT BY 1
    NO MINVALUE
    NO MAXVALUE
    CACHE 1
);


--
-- Name: django_content_type; Type: TABLE; Schema: public; Owner: postgres
--

CREATE TABLE public.django_content_type (
    id integer NOT NULL,
    app_label character varying(100) NOT NULL,
    model character varying(100) NOT NULL
);


ALTER TABLE public.django_content_type OWNER TO postgres;

--
-- Name: django_content_type_id_seq; Type: SEQUENCE; Schema: public; Owner: postgres
--

ALTER TABLE public.django_content_type ALTER COLUMN id ADD GENERATED BY DEFAULT AS IDENTITY (
    SEQUENCE NAME public.django_content_type_id_seq
    START WITH 1
    INCREMENT BY 1
    NO MINVALUE
    NO MAXVALUE
    CACHE 1
);


--
-- Name: django_migrations; Type: TABLE; Schema: public; Owner: postgres
--

CREATE TABLE public.django_migrations (
    id bigint NOT NULL,
    app character varying(255) NOT NULL,
    name character varying(255) NOT NULL,
    applied timestamp with time zone NOT NULL
);


ALTER TABLE public.django_migrations OWNER TO postgres;

--
-- Name: django_migrations_id_seq; Type: SEQUENCE; Schema: public; Owner: postgres
--

ALTER TABLE public.django_migrations ALTER COLUMN id ADD GENERATED BY DEFAULT AS IDENTITY (
    SEQUENCE NAME public.django_migrations_id_seq
    START WITH 1
    INCREMENT BY 1
    NO MINVALUE
    NO MAXVALUE
    CACHE 1
);


--
-- Name: django_session; Type: TABLE; Schema: public; Owner: postgres
--

CREATE TABLE public.django_session (
    session_key character varying(40) NOT NULL,
    session_data text NOT NULL,
    expire_date timestamp with time zone NOT NULL
);


ALTER TABLE public.django_session OWNER TO postgres;

--
-- Name: django_site; Type: TABLE; Schema: public; Owner: postgres
--

CREATE TABLE public.django_site (
    id integer NOT NULL,
    domain character varying(100) NOT NULL,
    name character varying(50) NOT NULL
);


ALTER TABLE public.django_site OWNER TO postgres;

--
-- Name: django_site_id_seq; Type: SEQUENCE; Schema: public; Owner: postgres
--

ALTER TABLE public.django_site ALTER COLUMN id ADD GENERATED BY DEFAULT AS IDENTITY (
    SEQUENCE NAME public.django_site_id_seq
    START WITH 1
    INCREMENT BY 1
    NO MINVALUE
    NO MAXVALUE
    CACHE 1
);


--
-- Name: track_goal; Type: TABLE; Schema: public; Owner: postgres
--

CREATE TABLE public.track_goal (
    id bigint NOT NULL,
    description character varying(255) NOT NULL,
    status character varying(100) NOT NULL,
    target_date date NOT NULL,
    owner_id bigint NOT NULL
);


ALTER TABLE public.track_goal OWNER TO postgres;

--
-- Name: track_goal_id_seq; Type: SEQUENCE; Schema: public; Owner: postgres
--

ALTER TABLE public.track_goal ALTER COLUMN id ADD GENERATED BY DEFAULT AS IDENTITY (
    SEQUENCE NAME public.track_goal_id_seq
    START WITH 1
    INCREMENT BY 1
    NO MINVALUE
    NO MAXVALUE
    CACHE 1
);


--
-- Name: track_objective; Type: TABLE; Schema: public; Owner: postgres
--

CREATE TABLE public.track_objective (
    id bigint NOT NULL,
    description character varying(255) NOT NULL,
    category character varying(100),
    due_date date NOT NULL,
    completion_date date,
    effort_hours double precision NOT NULL,
    effort_hours_left double precision NOT NULL,
    status character varying(100) NOT NULL,
    progress integer NOT NULL,
    goal_id bigint NOT NULL,
    owner_id bigint NOT NULL,
    CONSTRAINT track_objective_progress_check CHECK ((progress >= 0))
);


ALTER TABLE public.track_objective OWNER TO postgres;

--
-- Name: track_objective_id_seq; Type: SEQUENCE; Schema: public; Owner: postgres
--

ALTER TABLE public.track_objective ALTER COLUMN id ADD GENERATED BY DEFAULT AS IDENTITY (
    SEQUENCE NAME public.track_objective_id_seq
    START WITH 1
    INCREMENT BY 1
    NO MINVALUE
    NO MAXVALUE
    CACHE 1
);


--
-- Name: track_sprint; Type: TABLE; Schema: public; Owner: postgres
--

CREATE TABLE public.track_sprint (
    id bigint NOT NULL,
    title character varying(100) NOT NULL,
    description text,
    start_date date NOT NULL,
    end_date date,
    status character varying(100) NOT NULL,
    comments text,
    owner_id bigint NOT NULL
);


ALTER TABLE public.track_sprint OWNER TO postgres;

--
-- Name: track_sprint_id_seq; Type: SEQUENCE; Schema: public; Owner: postgres
--

ALTER TABLE public.track_sprint ALTER COLUMN id ADD GENERATED BY DEFAULT AS IDENTITY (
    SEQUENCE NAME public.track_sprint_id_seq
    START WITH 1
    INCREMENT BY 1
    NO MINVALUE
    NO MAXVALUE
    CACHE 1
);


--
-- Name: track_task; Type: TABLE; Schema: public; Owner: postgres
--

CREATE TABLE public.track_task (
    id bigint NOT NULL,
    title character varying(255) NOT NULL,
    due_date timestamp with time zone,
    status character varying(100) NOT NULL,
    date_completed timestamp with time zone,
    start_time time without time zone NOT NULL,
    end_time time without time zone NOT NULL,
    objective_id bigint NOT NULL,
    owner_id bigint NOT NULL,
    sprint_id bigint,
    effort_hours integer,
    backlog boolean,
    date_added date,
    CONSTRAINT track_task_effort_hours_check CHECK ((effort_hours >= 0))
);


ALTER TABLE public.track_task OWNER TO postgres;

--
-- Name: track_task_id_seq; Type: SEQUENCE; Schema: public; Owner: postgres
--

ALTER TABLE public.track_task ALTER COLUMN id ADD GENERATED BY DEFAULT AS IDENTITY (
    SEQUENCE NAME public.track_task_id_seq
    START WITH 1
    INCREMENT BY 1
    NO MINVALUE
    NO MAXVALUE
    CACHE 1
);


--
-- Name: userauth_customuser; Type: TABLE; Schema: public; Owner: postgres
--

CREATE TABLE public.userauth_customuser (
    id bigint NOT NULL,
    password character varying(128) NOT NULL,
    last_login timestamp with time zone,
    is_superuser boolean NOT NULL,
    username character varying(150) NOT NULL,
    first_name character varying(150) NOT NULL,
    last_name character varying(150) NOT NULL,
    email character varying(254) NOT NULL,
    is_staff boolean NOT NULL,
    is_active boolean NOT NULL,
    date_joined timestamp with time zone NOT NULL
);


ALTER TABLE public.userauth_customuser OWNER TO postgres;

--
-- Name: userauth_customuser_groups; Type: TABLE; Schema: public; Owner: postgres
--

CREATE TABLE public.userauth_customuser_groups (
    id bigint NOT NULL,
    customuser_id bigint NOT NULL,
    group_id integer NOT NULL
);


ALTER TABLE public.userauth_customuser_groups OWNER TO postgres;

--
-- Name: userauth_customuser_groups_id_seq; Type: SEQUENCE; Schema: public; Owner: postgres
--

ALTER TABLE public.userauth_customuser_groups ALTER COLUMN id ADD GENERATED BY DEFAULT AS IDENTITY (
    SEQUENCE NAME public.userauth_customuser_groups_id_seq
    START WITH 1
    INCREMENT BY 1
    NO MINVALUE
    NO MAXVALUE
    CACHE 1
);


--
-- Name: userauth_customuser_id_seq; Type: SEQUENCE; Schema: public; Owner: postgres
--

ALTER TABLE public.userauth_customuser ALTER COLUMN id ADD GENERATED BY DEFAULT AS IDENTITY (
    SEQUENCE NAME public.userauth_customuser_id_seq
    START WITH 1
    INCREMENT BY 1
    NO MINVALUE
    NO MAXVALUE
    CACHE 1
);


--
-- Name: userauth_customuser_user_permissions; Type: TABLE; Schema: public; Owner: postgres
--

CREATE TABLE public.userauth_customuser_user_permissions (
    id bigint NOT NULL,
    customuser_id bigint NOT NULL,
    permission_id integer NOT NULL
);


ALTER TABLE public.userauth_customuser_user_permissions OWNER TO postgres;

--
-- Name: userauth_customuser_user_permissions_id_seq; Type: SEQUENCE; Schema: public; Owner: postgres
--

ALTER TABLE public.userauth_customuser_user_permissions ALTER COLUMN id ADD GENERATED BY DEFAULT AS IDENTITY (
    SEQUENCE NAME public.userauth_customuser_user_permissions_id_seq
    START WITH 1
    INCREMENT BY 1
    NO MINVALUE
    NO MAXVALUE
    CACHE 1
);


--
-- Data for Name: account_emailaddress; Type: TABLE DATA; Schema: public; Owner: postgres
--

COPY public.account_emailaddress (id, email, verified, "primary", user_id) FROM stdin;
1	bilal@gmail.com	f	t	2
2	hamza@gmail.com	f	t	3
\.


--
-- Data for Name: account_emailconfirmation; Type: TABLE DATA; Schema: public; Owner: postgres
--

COPY public.account_emailconfirmation (id, created, sent, key, email_address_id) FROM stdin;
\.


--
-- Data for Name: auth_group; Type: TABLE DATA; Schema: public; Owner: postgres
--

COPY public.auth_group (id, name) FROM stdin;
\.


--
-- Data for Name: auth_group_permissions; Type: TABLE DATA; Schema: public; Owner: postgres
--

COPY public.auth_group_permissions (id, group_id, permission_id) FROM stdin;
\.


--
-- Data for Name: auth_permission; Type: TABLE DATA; Schema: public; Owner: postgres
--

COPY public.auth_permission (id, name, content_type_id, codename) FROM stdin;
1	Can add log entry	1	add_logentry
2	Can change log entry	1	change_logentry
3	Can delete log entry	1	delete_logentry
4	Can view log entry	1	view_logentry
5	Can add permission	2	add_permission
6	Can change permission	2	change_permission
7	Can delete permission	2	delete_permission
8	Can view permission	2	view_permission
9	Can add group	3	add_group
10	Can change group	3	change_group
11	Can delete group	3	delete_group
12	Can view group	3	view_group
13	Can add content type	4	add_contenttype
14	Can change content type	4	change_contenttype
15	Can delete content type	4	delete_contenttype
16	Can view content type	4	view_contenttype
17	Can add session	5	add_session
18	Can change session	5	change_session
19	Can delete session	5	delete_session
20	Can view session	5	view_session
21	Can add user	6	add_customuser
22	Can change user	6	change_customuser
23	Can delete user	6	delete_customuser
24	Can view user	6	view_customuser
25	Can add site	7	add_site
26	Can change site	7	change_site
27	Can delete site	7	delete_site
28	Can view site	7	view_site
29	Can add email address	8	add_emailaddress
30	Can change email address	8	change_emailaddress
31	Can delete email address	8	delete_emailaddress
32	Can view email address	8	view_emailaddress
33	Can add email confirmation	9	add_emailconfirmation
34	Can change email confirmation	9	change_emailconfirmation
35	Can delete email confirmation	9	delete_emailconfirmation
36	Can view email confirmation	9	view_emailconfirmation
37	Can add goal	10	add_goal
38	Can change goal	10	change_goal
39	Can delete goal	10	delete_goal
40	Can view goal	10	view_goal
41	Can add objective	11	add_objective
42	Can change objective	11	change_objective
43	Can delete objective	11	delete_objective
44	Can view objective	11	view_objective
45	Can add task	12	add_task
46	Can change task	12	change_task
47	Can delete task	12	delete_task
48	Can view task	12	view_task
49	Can add sprint	13	add_sprint
50	Can change sprint	13	change_sprint
51	Can delete sprint	13	delete_sprint
52	Can view sprint	13	view_sprint
53	Can add Token	14	add_token
54	Can change Token	14	change_token
55	Can delete Token	14	delete_token
56	Can view Token	14	view_token
57	Can add token	15	add_tokenproxy
58	Can change token	15	change_tokenproxy
59	Can delete token	15	delete_tokenproxy
60	Can view token	15	view_tokenproxy
\.


--
-- Data for Name: authtoken_token; Type: TABLE DATA; Schema: public; Owner: postgres
--

COPY public.authtoken_token (key, created, user_id) FROM stdin;
8358a0969f151800f6cb5e5531da552ac4addafc	2024-02-16 07:53:58.983857+00	1
\.


--
-- Data for Name: django_admin_log; Type: TABLE DATA; Schema: public; Owner: postgres
--

COPY public.django_admin_log (id, action_time, object_id, object_repr, action_flag, change_message, content_type_id, user_id) FROM stdin;
1	2024-01-06 00:24:45.909373+00	1	Improve my Urdu writing skills	1	[{"added": {}}]	10	1
2	2024-01-06 00:30:44.952345+00	2	Dummy Goal08-Mar-2013 — When the model is listed in the Django admin, I would like to limit the length of the text displayed in the Admin list display to 100 characters	1	[{"added": {}}]	10	1
3	2024-01-06 00:31:19.024554+00	2	Dummy Goal08-Mar-2013 — When the model is listed in the Django admin, I would like to limit the length of the text displayed in the Admin list display to 100 characters	2	[]	10	1
4	2024-01-06 03:59:56.209752+00	1	Improve my Urdu writing skills	2	[]	10	1
5	2024-01-06 04:03:46.247334+00	1	Reading everyday	1	[{"added": {}}]	11	1
6	2024-01-07 08:28:51.185057+00	1	Rahnuma E Urdu	1	[{"added": {}}]	12	1
\.


--
-- Data for Name: django_content_type; Type: TABLE DATA; Schema: public; Owner: postgres
--

COPY public.django_content_type (id, app_label, model) FROM stdin;
1	admin	logentry
2	auth	permission
3	auth	group
4	contenttypes	contenttype
5	sessions	session
6	userauth	customuser
7	sites	site
8	account	emailaddress
9	account	emailconfirmation
10	track	goal
11	track	objective
12	track	task
13	track	sprint
14	authtoken	token
15	authtoken	tokenproxy
\.


--
-- Data for Name: django_migrations; Type: TABLE DATA; Schema: public; Owner: postgres
--

COPY public.django_migrations (id, app, name, applied) FROM stdin;
1	contenttypes	0001_initial	2024-01-04 14:27:42.844259+00
2	contenttypes	0002_remove_content_type_name	2024-01-04 14:27:42.850244+00
3	auth	0001_initial	2024-01-04 14:27:42.885572+00
4	auth	0002_alter_permission_name_max_length	2024-01-04 14:27:42.890348+00
5	auth	0003_alter_user_email_max_length	2024-01-04 14:27:42.897496+00
6	auth	0004_alter_user_username_opts	2024-01-04 14:27:42.905729+00
7	auth	0005_alter_user_last_login_null	2024-01-04 14:27:42.915265+00
8	auth	0006_require_contenttypes_0002	2024-01-04 14:27:42.917239+00
9	auth	0007_alter_validators_add_error_messages	2024-01-04 14:27:42.923808+00
10	auth	0008_alter_user_username_max_length	2024-01-04 14:27:42.931778+00
11	auth	0009_alter_user_last_name_max_length	2024-01-04 14:27:42.937319+00
12	auth	0010_alter_group_name_max_length	2024-01-04 14:27:42.945281+00
13	auth	0011_update_proxy_permissions	2024-01-04 14:27:42.951453+00
14	auth	0012_alter_user_first_name_max_length	2024-01-04 14:27:42.957322+00
15	userauth	0001_initial	2024-01-04 14:27:42.99496+00
16	admin	0001_initial	2024-01-04 14:27:43.012444+00
17	admin	0002_logentry_remove_auto_add	2024-01-04 14:27:43.01965+00
18	admin	0003_logentry_add_action_flag_choices	2024-01-04 14:27:43.027583+00
19	sessions	0001_initial	2024-01-04 14:27:43.03682+00
20	account	0001_initial	2024-01-05 09:57:15.182524+00
21	account	0002_email_max_length	2024-01-05 09:57:15.190796+00
22	account	0003_alter_emailaddress_create_unique_verified_email	2024-01-05 09:57:15.205146+00
23	account	0004_alter_emailaddress_drop_unique_email	2024-01-05 09:57:15.219608+00
24	account	0005_emailaddress_idx_upper_email	2024-01-05 09:57:15.228884+00
25	sites	0001_initial	2024-01-05 09:57:15.232578+00
26	sites	0002_alter_domain_unique	2024-01-05 09:57:15.237296+00
27	track	0001_initial	2024-01-06 00:10:37.929856+00
28	track	0002_objective	2024-01-06 00:44:18.567963+00
29	track	0003_objective_owner_alter_goal_owner_task	2024-01-06 02:14:19.548352+00
30	track	0004_alter_goal_owner_alter_objective_owner	2024-01-06 02:15:07.356246+00
31	track	0005_alter_goal_status_alter_task_end_time_and_more	2024-01-06 02:16:47.332712+00
32	track	0006_alter_task_start_time	2024-01-06 02:26:39.268332+00
33	track	0007_sprint	2024-01-06 02:33:00.267056+00
34	track	0008_task_sprint	2024-01-06 02:48:07.697066+00
35	track	0009_task_effort_hours_alter_sprint_status_and_more	2024-01-18 08:19:20.609107+00
36	authtoken	0001_initial	2024-02-16 07:42:29.187898+00
37	authtoken	0002_auto_20160226_1747	2024-02-16 07:42:29.223721+00
38	authtoken	0003_tokenproxy	2024-02-16 07:42:29.225904+00
39	track	0010_alter_task_due_date	2024-02-18 16:16:53.861281+00
40	track	0011_alter_task_start_time	2024-02-18 16:17:51.113505+00
41	track	0012_alter_task_due_date	2024-02-18 16:18:22.945926+00
42	track	0013_alter_task_end_time	2024-02-19 09:03:37.007775+00
43	track	0014_task_backlog	2024-02-23 04:57:44.260044+00
44	track	0015_task_date_added	2024-02-23 05:39:43.030419+00
\.


--
-- Data for Name: django_session; Type: TABLE DATA; Schema: public; Owner: postgres
--

COPY public.django_session (session_key, session_data, expire_date) FROM stdin;
mv3j07jmqt9ab6d72uzebwhfbfqgckyi	.eJxlkEtuwzAMRO_CtWFIsn72svucoCgE6uNarSMFloy2CHL3Wm02QXYE53HAmSugc3lP1eBel5BqdFhjTuYc6pJ9gen1Cv8zTHDBUr7y5qEDrDBRRbhikuihl4KysYO9hC3hORysjSuucHvr4M_aNMnE5sLgYWfRfYbUBP-B6T33Lqe6Rds3pL-rpT9lH9aXO_tgsGBZjutRDaOeFXHMM0qFloxRKZxEa0ehMBA5cGsdFaNUlutZy0GrmbNZMi4U1S3UcxfBm6eo-qCH44USSmldhe9L3H5gIrdflBZsfg:1rMr7z:Tc8Ma8mLw_panUH16o5wHijdthL1YpfQa91UrhUSkyg	2024-01-22 15:01:23.660007+00
5oebxybvpwcr27ukyvy2m1wi66ojmir9	.eJxlkM1OwzAQhN9lz1FkO_5Ljtz7BAhZ658QQ2pXsSNAVd-dGHop3FY7s5925groXN5TNbjXJaQaHdaYkzmHumRfYHq-wu8ME1ywlI-8eegAK0xUEa6UYJT3VEvCJe1gL2FLeA6H28YVV7i9dPADN00ysXEYPOwsuveQmuDfML3m3uVUt2j7ZunvaulP2Yf16e59ACxYluN6VMOoZ0Uc84xSoSVjVAon0dpRKAxEDtxaR8UoleV61nLQauZslowLRXWL9b-N4M2fsIxISdRwvFBCKa2t8HmJ2xdM5PYNKqBs0w:1rN3uQ:KpQZOsOqsUNBL0CnMfiBwxcqV00_FdbyRHDyNHbyTLo	2024-01-23 04:40:14.208623+00
jmg0q7vaftym6hrh46c9xyjecucq4e4f	.eJxlkM1uxCAMhN_F5yhyfggkx973CaoKGXCatA2sAlF_VvvuhXYv294sz-eRZy5A1obDJ01HWtin1VJag9cbpyW4CNPjBX5nmOBMMb6H3UEFlGBqJPZSIQpVq6ZrRykqOCLvnjbO9ELbF8H1qYIfc10kvRafDu52huwr-yK4F_LPobbBp301dUHqmxrrU3D89nBj7wwWiku-lhItq8GwQu46OY596wYxsujsMLNBq_KrRmA_SCJ2ODfU4Oy4VzKjI5VY_9tgp_-GbZXEnFVHjrGUxR_ndf-ECa_fU1BuCg:1rN5AY:aeKC0Ev7J3uv5oojsjTaFdqQVweSGVJtxl9JO2gYzHk	2024-01-23 06:00:58.829837+00
04s7hqu386o1y63xjw7lkfk3egt1jr26	.eJxlkM1OxDAMhN_F5ypySZqfHrnzBAhVbuLSAk1WTSp-VvvuNLCXhZvl-TzyzBnI-7THMtBeZo5l8VSWFIeVy5xChv7xDL8z9HCinN_TFqABKtC3BpVFVEoLaVultWpgz7xFWvmgZ1q_CC5PDfyYD1Ualuoj4WY3kn_lWIXwQvE5CZ9i2ZZRVERc1SweUuC3-yt7YzBTno9rY9Cz1SNbZCmNc-ou6M5xJ72eeERvsbNjh0obIg44tdTiFFhZc6COaqz_bXAY_oZ1Sjt3fJA551oWf5yW7RN6vHwDSg5uBQ:1rNATO:4LP-B4Guy_WdUhXAdt81qGwyhlynWsIMO0pBVWo2usU	2024-01-23 11:40:46.395741+00
rzowqr509sw5wlsk2479wjvswm5ktz3m	.eJxlkMFOwzAQRP9lz1Hk2E4c58i9X4BQtPZuiYHaJXYEqOq_E0MvhdtqZ_Q0MxdA79MWy4xbWTiW4LGEFOcTlyVRhunxAr83THDGnD_SStAAFpg6I_QoBjnIVlhr-tE2sGVeI554d-d3pLDC9amBH_pctTlUUAd3P4f-lWMV6AXjc2p9imUNrq2W9qbm9pCI3x5u3jvAgnmp2F4ZS-qoekJ9ZLJeemI0zrBUUnZuz-rYKzt2wljntB2JeM_vNe_5Ze31fw6m-U_bTmgl1bBHyJxznYs_z2H9gklcvwGBZG7_:1rNBzC:F-gRpiq4y0djaIykAn-SlAkii8TF8JQGKs5i0i0CWXc	2024-01-23 13:17:42.10509+00
e784jr1y520sp01u0m24fm7kekfx9k21	.eJxlUMtOwzAQ_Jc9R1Hs-Jkj934BQtb6EWJI7Sp2BKjqvxNDL4XLarUzO5qZK6BzeU_V4F6XkGp0WGNO5hzqkn2B6fkKvztMcMFSPvLmoQOsMBE5MCUpGYeea6WkHjvYS9gSnsPBtnHFFW4vHfyImwaZ2HQoPNwsuveQGuDfML3m3uVUt2j7RunvaOlP2Yf16c59EFiwLMe3lqNWsxwc9ZQQrgSlRHAn0FrNJYZBjMxaR7gW0jI1KzEqOTM6C8q4JKrF-t9G8OZPWHEMyuRhoYRSWlvh8xK3L5iG2zc8QGzf:1rNT7a:MiTrbMxE0xiqfK31tPFcCDMWToErvMq9qnfg0FmHtr0	2024-01-24 07:35:30.615192+00
yhkadoyrth4mg62t3m8d25vxnkhu0ldw	.eJxlkM1OxDAMhN_F56pq89M0PXLfJ0CocmIvDbDJ0qQCtNp3p4G9LNwsz-izZy6A3qctlhm3snAswWMJKc4nLkuiDNPjBX5nmOCMOX-klaABLDD1plOjlb1WrdTaqm5oYMu8Rjzx7s7vSGGF61MDP_S5anOooB7udg79K8cq0AvG59T6FMsaXFst7U3N7SERvz3cvHeABfNSsVoaS_IoNaE6MlkvPDEaZ1hIIXo3iMGxl3bsO2OdU3YkYjEIr9gaLWqu_3UwzX_TDmK_tH-QOefaFn-ew_oFU3f9Bg7NbtM:1rNYag:FkuMCskMIe8yFXWz7X2yhsWOZoNMTYVDAA6tFIByUyc	2024-01-24 13:25:54.363849+00
4bjh09zz1jm7vn65u0sqmlkhasr0l4gh	.eJxlkMFOwzAQRP9lz1GU2LEd58i9X4CqaO3dEgO1S-yooKr_Tg29FG6rmdHTzlwAvU9bLDNuZeFYgscSUpyPXJZEGabnC_zeMMEJcz6nlaABLDD1plOD0YMcW9Urq7VpYMu8RjzyLZ0_kMIK130DP_S5enOooB4eNIf-jWM16BXjS2p9imUNrq2R9u7mdpeI35_u2QfAgnmpWCWNJXmQinA4MFkvPDEaZ1hIIXqnhXbspR37zljnBjsSsdDCD2yNErXX_zmY5r9thdWjELcXMudc5-LPU1i_YOqu34Vcbxg:1rQ0KU:x_2bEHKWJG8LDuoCSzC0ywyKnfhBgQYjL8cmtaSGdwc	2024-01-31 07:27:18.530796+00
ix5ybvxgm2sl01tnfzp9tbhuufcbtubi	.eJxlkMFOwzAQRP9lz1EUO3Zc58i9X4CQtfZuiYHaJXYEqOq_U0MvhdtqZ_Q0M2fAEPKWqsOtLpxqDFhjTu7IdclUYH48w-8NM5ywlI-8EnSAFWZhBqWFEYPtR7sTWpsOtsJrwiNf3eUdKa5weergh-6a5mIDCbj7eQyvnJpAL5iecx9yqmv0fbP0N7X0-0z89nDz3gEWLEvD6tFYGg-jJlQHJhtkIEbjDctRSuEnOXkOLexgrPfK7ohYTjIotkbL1uv_HEzuT1sltJLimqBwKW0t_jzF9Qvm4fINC7duwg:1rLylR:L3-z60zsD4BmbdUjpjgiArmqMrxKgNYLeaa35jlj1YA	2024-01-20 04:58:29.41691+00
5h9kk1t9h7tjwdbza5k5bsci3cuvudgr	.eJxlkMFOwzAQRP9lz1GUOLEd58i9X4BQtPZuiYHaxXYEqOq_E0MvhdtqZ_Q0MxdA5-IWyoJbWTkU77D4GJYTlzVShvnxAr83zHDGnD9iImgAC8y97qScdC9V22kjR2Ea2DKngCfe3fkdySe4PjXwQ1-qtvgK6uHuZ9G9cqgCvWB4jq2LoSRv22ppb2puD5H47eHmvQOsmNeKlYM2NBwHSTgemYwTjhi11SwGIXqrhLLsBjP1e2BrRzMRsVDCjWy0FLXX_zmYlr9tJ6mEVnuEzDnXufjz7NMXzN31G4JFbxU:1rQT8G:tTeEC4dfZo61gBguW-9U5gd1wVZxB2VjftmZwZ5Fuyc	2024-02-01 14:12:36.086875+00
6nmkv8nvl6us6hg4e5eiymlvqwvky9sz	.eJxlkEtuwzAMRO_CtSFYkvXzsvucoCgM6uNarSMFloy2CHL3Wm02QXYEZ_jAmSugc3lPdcK9LiHV6LDGnKZzqEv2BcbXK_zPMMIFS_nKm4cOsMJIVT8IqrikRBvKjexgL2FLeA6H2cYVV7i9dfDHnpo0xYZh8LCz6D5DaoL_wPSeicupbtGSZiF3tZBT9mF9uXsfAAuW5bg2ihs9q94xzygVWjJGpXASrTVCYeglH6x1VBip7KBnLblW88BmyQahqG6pnssIfnrKaqjR4nihhFJaWeH7ErcfGPvbL-k2bMA:1rLypV:qNO7-2UxyBjtf70fI9uMv97-kJvWRud_dxMieFjL2Co	2024-01-20 05:02:41.901116+00
pr6cmqpcm9ntn6tfk4lzrl19km5cdvoj	.eJxlkMFuwyAQRP9lz5FlwBjwsfd8QVVZC7upaRtIDVZbRfn3hjaXKLfVzOhpZ86AIeQt1Rm3unCqMWCNOc1HrkumAtPzGf5vmOCEpXzllWAHWGESptfaCWfGTvXS9lbvYCu8JjzyNV0-keIKl5cd_NHn5s2xgQTcaR7DO6dm0Bum19yFnOoafdci3c0t3T4TfzzdsneABcvSsFoZR-qgNOFwYHJBBmI03rBUUgo_ytFzUM6K3jjvB2eJWI4yDOyMlq3X4xxM80Nbq42w1xcKl9Lm4u9TXH9g6i-_fZxvEw:1rQUO0:yrkWKKCbpMqp5gbHGxToHPNwYr5gbqlDTmNkgOwYQfc	2024-02-01 15:32:56.309669+00
wnrmqvlje8hu6w6vs34mmelwdzwrb41c	.eJxlkM1OwzAQhN9lz1HkOIl_cuTeJ0BVtPZuiYHaJXZUUNV3p4ZeCrfVzOjTzlwAvU9bLDNuZeFYgscSUpyPXJZEGabnC_zeMMEJcz6nlaABLDB1WmghrRJjK5VSRsgGtsxrxCPf0vkDKaxw3TfwQ5-rN4cK6uBBc-jfOFaDXjG-pNanWNbg2hpp725ud4n4_emefQAsmJeKHXttqT_0I-FwYLJeemLUTrPspeycksqx763phLbODdYQsVTSD2z1KGuv_3MwzX_bGjNoa24vZM65zsWfp7B-wSSu33PTbws:1rWWNZ:iXlnMCN0bdMe3qbBWr9dL6AVRdHrNkSRVI3JDXJ3huI	2024-02-18 06:53:25.291441+00
hoddunza5w84j0f5gi2bknsq8ha5fpr1	.eJxlkMFOwzAQRP9lz1WUbBw7zpF7vwChaO3dEgO1S-wIUNV_p4ZeCrfVzOhpZ85A3qctlpm2skgswVMJKc5HKUviDNPjGX5vmOBEOX-klWEHVGDqTGs0jqMaGkSrddvvYMuyRjrKNZ3ficMKl6cd_NDn6s2hgjq40xz5V4nV4BeKz6nxKZY1uKZGmpubm31ieXu4Ze8AC-WlYofeWO4P_cCkDsLWo2ch44xgj9g5jdqJ7-3YtcY6p-zILKjRK7FmwNrr_xzC89-2g1KdwesLWXKuc8nnKaxfMLWXb3zYbwo:1rZ2Gj:QPDM-pi9xbO1XmbyHiEG8sTf-1AJrW4XyZ3EFTKJEQE	2024-02-25 05:20:45.258566+00
gbmsicaaur6rjsy291vctemptth3zjl7	.eJxlkMFOwzAQRP9lz1EU24kd58i9X4CqaO3dEgO1S-yooKr_Tg29FG6rmdHTzlwAvU9bLDNuZeFYgscSUpyPXJZEGabnC_zeMMEJcz6nlaABLDAJ05lxNMaa1qjeWq0b2DKvEY98S-cPpLDCdd_AD32u3hwqSMCD5tC_cawGvWJ8Sa1PsazBtTXS3t3c7hLx-9M9-wBYMC8VOyhjSR3UQNgfmKyXnhiNMyyVlMJpqR17ZUfRGetcb0cillr6nq0ZZO31fw6m-W_bQctRiNsLmXOuc_HnKaxfMHXXb504bzk:1ra7dN:YIemC_lolMAEISCJr82C9YYhCGYdvm1fQDPWyFwku-Q	2024-02-28 05:16:37.75944+00
9xepfdy9v6vfm5omomwex4hl2n5mxfne	.eJxlkM1OwzAQhN9lz1Fk1_Ffjtz7BAhZG3tDAsSuYkctVH13YuilcFvtfDvamSug92mLxeFWJopl9ljmFN1CZUohQ_98hd8Zejhhzue0BmgAC_Rcs06ZTljbHoyRRogGtkxrxIV2esLlC-H20sCPuauSm6uPgIfdgP6dYhXCG8bX1PoUyzoPbUXau5rbYwr08XRnHwwmzNN-rTXzZNRAhpEQ2truEJS0JIVXIw3MGybNIPenNSIFNnLkbAzUGb2jFmus_21QcH_CCsYZV2p_IVPOtS26nOb1E3p2-wbLTW5F:1rMgHf:UqoHMS667-7V5diff0TjmTLsy3Bdr4GnqtUMKJEXGVU	2024-01-22 03:26:39.302482+00
plm65b5s7kr8px9jhvrs8bgosefieajc	.eJxlkMFOwzAQRP9lz1FUr5O4zpF7vwChaO3dEgO1S-wIUNV_J4ZeCrfVzuhpZi5A3qc1lonWMksswVMJKU4nKXPiDOPjBX5vGOFMOX-khaEBKjAqszPWDJ3CtketzIANrFmWSCfZ3PmdOCxwfWrghz5VbQoVpODu58i_SqwCv1B8Tq1PsSzBtdXS3tTcHhLL28PNeweYKc8V22tjWR91z9Qdha1Hz0LGGUGNqNyAgxOv7V5tyZ3r7J5ZcEDfiTU91l7_5xCe_rbVtjfabBGy5Fznks9zWL5g3F2_AXeabw4:1raUge:V55VYf4UwF6yNHrR3UHDBdnRitCPW57Qg-ySlhGjr38	2024-02-29 05:53:32.540999+00
73zbd6y3hx4o3ju91rk2dwy6bqd0aheq	.eJxlkEFOwzAQRe8y6ypynDi2s2TfEyBkjT1TYqB2iR0Bqnp3auimsBvNf3rS_2fAEPKWqsOtLpxqDFhjTu7IdclUYH48w-8NM5ywlI-8EuwAK8y9FkZMypqxU0JNUu5gK7wmPPIVLu9IcYXL0w5-5K5lLjZPD3c_j-GVUwvoBdNz7kJOdY2-a0h3S0u3z8RvDzf2TrBgWZpWDdrScBgU4XhgskEGYtResxyk7P0kJ89hsKYX2no_WkPEcpJhZKuVbLX-r8Hk_paVwpj-2tYVLqWtxZ-nuH7BLC7fKftu0w:1rarzM:l0ek506wtIlYhD77jymKEaneHcB0Xnc80LIAItqEeDY	2024-03-01 06:46:24.522368+00
xt5qpuzz3f5aiusdlt55m5rv56uklksz	.eJxlkMFOwzAQRP9lz1GU2I4d58i9X4CqaO3dEgO1S-yooKr_Tg29FG6rmdHTzlwAvU9bLDNuZeFYgscSUpyPXJZEGabnC_zeMMEJcz6nlaABLDD1pht7OShp2lFprYRpYMu8RjzyLZ0_kMIK130DP_S5enOooB4eNIf-jWM16BXjS2p9imUNrq2R9u7mdpeI35_u2QfAgnmp2EEaS_IgB0J1YLJeeGI0zrCQQvROC-3YSzv2nbHOKTsSsdDCK7ZmELXX_zmY5r9ttdLCDrcXMudc5-LPU1i_YOqu33zdbxA:1rbA3Z:rHOIug26_ZpCgpT3gqArJxUhA1ahvSCZxrrYngIjMD4	2024-03-02 02:03:57.865751+00
9xoiaqc882v2pcvzrfffacrk8zudoomd	.eJxlkMFOwzAQRP9lz1FkO3Yd58i9X4BQtPZuiYHaJXYEqOq_U0MvhdtqZvS0M2fAEPKW6oxbXTjVGLDGnOYj1yVTgenxDL83THDCUj7yStABVpikFaORQgjTC6HVqHUHW-E14ZGv6fKOFFe4PHXwQ5-bN8cGknCneQyvnJpBL5iecx9yqmv0fYv0N7f0-0z89nDL3gEWLEvDmsE6Gg6DIdQHJhdUIEbrLatBKel3auc5DG6UwjrvtRuJWO1U0OysUa3X_zmY5r9t5aiMMNcXCpfS5uLPU1y_YBKXb11VbtY:1rcjUz:9S2ZynSIgIjp3tpC_NTXTHT1rLVpQDtphomwCuC_HmU	2024-03-06 10:06:45.020852+00
xxvjymu565it5zjoelvowp2tz1t6mctv	.eJxlkEFOwzAQRe8y6yhKbCeOs2TfE6DKGnumxEDtEjsqqOrdqaGbwm40_-lJ_18AvU9bLBa3snAswWMJKdojlyVRhvn5Ar83zHDCnM9pJWgAC8y97iYh1TSMba9VN05DA1vmNeKRb3T-QAorXPcN_NhtzWyooh4efg79G8ca0CvGl9T6FMsaXFuR9p7mdpeI35_u7INgwbxU7SC1IXmQA6E6MBkvPDFqp1lIIXo3itGxl2bqO22cU2YiYjEKr9joQdRe_-dgsn_bGq20ubW1mXOuc_HnKaxfMHfXb3ylbxY:1rbZv6:EyKQFu_xZBlNMgpMDI5wpJWxeHHOAAu1BG0zjTDBW7U	2024-03-03 05:40:56.201555+00
ymohm5d0mb8451wtua9tlj21ind6yjka	.eJxlkMFOwzAQRP9lz1EUO3Fs58i9X4CqaO3dEgO1S-yooKr_Tg29FG6rmdHTzlwAvU9bLDNuZeFYgscSUpyPXJZEGabnC_zeMMEJcz6nlaABLDAJ3RmpOyWGVlvTCdvAlnmNeORbOH8ghRWu-wZ-4HP15lA5Ah40h_6NYzXoFeNLan2KZQ2urZH27uZ2l4jfn-7ZB8CCealY1WtL_aFXhMOByXrpiVE7zbKXUrhRjo59b43otHVusIaI5Sj9wFYrWWv9X4Np_lPWCCtGdfsgc851LP48hfULpu76Db6Mbps:1rbjCE:-eqlxfoq8SC4rlwb7jXlTD1yVCLLc4uUWqEzhcqfQZM	2024-03-03 15:35:14.821085+00
fcsw3bnkhia88ypvqrh4zg9blffdwe3b	.eJxlkMFOwzAQRP9lz1GU2I4d58i9X4BQtPZuiYHaJXYEqOq_E0MvhdtqZvS0MxdA79MWy4xbWTiW4LGEFOcTlyVRhunxAr83THDGnD_SStAAFph6042DNtp0rTWDVlI3sGVeI554T-d3pLDC9amBH_pcvTlUUA93mkP_yrEa9ILxObU-xbIG19ZIe3Nze0jEbw-37B1gwbxU7CCNJXmUA6E6MlkvPDEaZ1hIIXqnhXbspR37zljnlB2JWGjhFe8NRO31fw6m-W9bq3olxf5C5pzrXPx5DusXTN31G4j7bxs:1rcyV4:Vmw26-5t40M5r_JKDAz_SG-LSHvvZj4lEBbuzxovRxQ	2024-03-07 02:07:50.995912+00
3af6ma6pp25e5yesg96ku7quxjwizuib	.eJxlkMFOwzAQRP9lz1EU23Ec58i9X4CqaO3dEgO1S-yooKr_Tg29FG6rmdHTzlwAvU9bLDNuZeFYgscSUpyPXJZEGabnC_zeMMEJcz6nlaABLDAJ04167JXQrRiMNkI3sGVeIx75ls4fSGGF676BH_pcvTlUkIAHzaF_41gNesX4klqfYlmDa2ukvbu53SXi96d79gGwYF4qVitjSR2UJuwPTNZLT4zGGZZKSuEGOTj2yo6iM9a53o5ELAfpe7ZGy9rr_xxM89-2ZrTaDrcXMudc5-LPU1i_YOqu33vXbxY:1rd2pX:hQZ_OPcQqj6S-x8K5rX8eXjjymLbBi8oRMhFamqAr2k	2024-03-07 06:45:15.180206+00
2iy3uri56i0ju1pht0j3711r1p4tnazd	.eJxlkMFOwzAQRP9lz1UUr5M4zpF7vwChaO3dEgO1S-wIUNV_p4ZeCrfVzOhpZ85A3qctlpm2skgswVMJKc5HKUviDNPjGX5vmOBEOX-klWEHVGBSph21RqW6Zhy0Rex2sGVZIx3lms7vxGGFy9MOfuhz9eZQQQruNEf-VWI1-IXic2p8imUNrqmR5ubmZp9Y3h5u2TvAQnmp2F4by_qge6buIGw9ehYyzghqROUGHJx4bUfVGutcZ0dmwQF9J9b0WHv9n0N4_tvW2N721w-y5FzXks9TWL9gai_fBHpuzg:1rbzDm:tIPus6bMPlXR-_-_uozJokPVCT2EI0R3YMJBbcfbBA4	2024-03-04 08:41:54.880814+00
nf6dbc2ij1o3yazf9myb9u4heip1k83i	.eJxlkMFOwzAQRP9lz1GU2LEd58i9X4CqaO3dEgO1S-yooKr_Tg29FG6rmdHTzlwAvU9bLDNuZeFYgscSUpyPXJZEGabnC_zeMMEJcz6nlaABLDD1phu1GqTRrZamt1I0sGVeIx75ls4fSGGF676BH_pcvTlUUA8PmkP_xrEa9IrxJbU-xbIG19ZIe3dzu0vE70_37ANgwbxUrJLGkjxIRTgcmKwXnhiNMyykEL3TQjv20o59Z6xzgx2JWGjhB7ZGidrr_xxM89-2alBaqNsLmXOuc_HnKaxfMHXXb3-XbxM:1rdL3Y:otxDDOw9waT5EGCmJ69mpENfRQ_LMc-P_R_GyytEkqQ	2024-03-08 02:12:56.655991+00
f2pzxuzxrh4repv83sbhsa6u3tbrv4w6	.eJxlkMFOwzAQRP9lz1GU2E4c58i9X4CqaO3dEgO1i-2ooKr_Tg29FG6rmdHTzlwAnYtbKAtuZeVQvMPiY1iOXNZIGebnC_zeMMMJcz7HRNAAFph73U2T6mQ3tkaaXpkGtswp4JFv4fyB5BNc9w38wJfqLb5yenjQLLo3DtWgVwwvsXUxlORtWyPt3c3tLhK_P92zD4AV81qxg9SG5EEOhOrAZJxwxKitZiGF6O0oRstOmqnvtLFWmYmIxSicYqMHUWv9X4Np-Vt2EJMW8vZC5pzrWvx58ukL5u76DS2cbtY:1re7QQ:cvR8PLMpPXHN7WDzS6AMZr-Wb50Z0IAph5ug0eF_H6E	2024-03-10 05:51:46.955167+00
iwpy1r9h8tucns0fl808vxeocetxqi5w	.eJxlkMFOwzAQRP9lz1EU23Ec58i9X4CqaO3dEgO1S-yooKr_Tg29FG6rmdHTzlwAvU9bLDNuZeFYgscSUpyPXJZEGabnC_zeMMEJcz6nlaABLDAJ041WqKEbWiGEtto2sGVeIx75ls4fSGGF676BH_pcvTlUkIAHzaF_41gNesX4klqfYlmDa2ukvbu53SXi96d79gGwYF4qVitjSR2UJuwPTNZLT4zGGZZKSuEGOTj2yo6iM9a53o5ELAfpe7ZGy9rr_xxM89-20motxe2FzDnXufjzFNYvmLrrN3eUbv8:1reQUg:mERbAKUc0NBF8jkRwdokWrpRNRVsFElnXNvTYspUsKg	2024-03-11 02:13:26.131044+00
qk78od66w9bk7bkogz5p1hmhzqoi113p	.eJxlkEFOwzAQRe8y6yiK7SS2s2TPCRCyxp4pMVC7xI4AVb07GLop7Ebzn570_xkwhLyn6nCvK6caA9aYkztyXTMVWB7O8HvDAics5T1vBB1ghUXowYxSjsL0RtlZ2A72wlvCI3_D5Q0pbnB57OBH7lrmYvMIuPl5DC-cWkDPmJ5yH3KqW_R9Q_prWvr7TPx6d2VvBCuWtWknpS2pg5oIxwOTDTIQo_aapZJS-FnOnoOyRgzaej9aQ8RylmFkqyfZav1fg8n9LTsJM7S2rnApbS3-OMXtE5bh8gUuC27T:1rcMiI:M-bpNQIqGvnz78N1IAKwPKYfZyj3TbfV4iyMLT67ibA	2024-03-05 09:46:58.852695+00
ldj3sz83crpzx8x8mk0fiauorsgd5nkj	.eJxlkMFOwzAQRP9lz1EU24kd58i9X4BQtPZuiYHaJXYEqOq_E0MvhdtqZ_Q0MxdA79MWy4xbWTiW4LGEFOcTlyVRhunxAr83THDGnD_SStAAFpiE6WzXCWV0a3RnBikb2DKvEU-8u_M7Uljh-tTAD32u2hwqSMDdz6F_5VgFesH4nFqfYlmDa6ulvam5PSTit4eb9w6wYF4qdlDGkjqqgbA_MlkvPTEaZ1gqKYXTUjv2yo6iM9a53o5ELLX0Pds9f-31fw6m-W_bUQgthj1C5pzrXPx5DusXTN31G22pbvM:1renKK:oUwLuanKU_8RAs18YLJvXeBnp1qUi-x3DhftVIsrMNE	2024-03-12 02:36:16.782568+00
snn4yippq79l1c1su2m1ki0lecgs0bi2	.eJxlkM1OwzAQhN9lz1UU_8Vxjtz7BAhFa--WGKhdYkeAqr47NfRSuK1mRp925gwYQt5SnXGrC6caA9aY03zkumQqMD2e4feGCU5YykdeCXaAFSZh-1GPQjnZmcH0YtjBVnhNeORruLwjxRUuTzv4gc_Nm2PjCLjTPIZXTs2gF0zPuQs51TX6rkW6m1u6fSZ-e7hl7wALlqVhjbKO1EEZQn1gckEGYrTeslRSCj_IwXNQbhS9dd5rNxKxHGTQ7KyRrdb_NZjmv2WtHrUw1xcKl9LW4s9TXL9g6i_fKCBu1A:1rcc3U:1Ah_KRwxh9bW6s8NnBNukBM7dDA1tq4gUV8_TL6vD5g	2024-03-06 02:09:52.576382+00
f2fr8tlsxu0yv81m4jecevzfupxh35w9	.eJxlkMFOwzAQRP9lz1GU2HEc58i9X4CQtfZuiYHaJXYEqOq_E0MvhdtoZ_S0MxdA79MWi8WtLBxL8FhCivbEZUmUYX68wK-GGc6Y80daCRrAAnOvO9NNalCqlbuUQjawZV4jnnhP53eksML1qYEfuq2eDRXUw93NoX_lWA16wficWp9iWYNra6S9ubk9JOK3h1v2DrBgXipWSW1IHqUiHI5MxgtPjNppFlKI3o1idOylmfpOG-cGMxGxGIUf2Gglaq__czDZv20nbYRW-wuZc65z8ec5rF8wd9dveKpvEQ:1rf9CR:t2DQSfM0w2rmSeyo9gyXLAPZgnQIUkBVMZP2Mvqeq4A	2024-03-13 01:57:35.389445+00
tyt8s527ol734n2qdgao6jiav73zs70r	.eJxlkMFOwzAQRP9lz1EU20ls58i9X4CqaO3dEgO1S-yooKr_Tg29FG6rmdHTzlwAvU9bLDNuZeFYgscSUpyPXJZEGabnC_zeMMEJcz6nlaABLDAJ3Vmhe6Fs22thrNUNbJnXiEe-pfMHUljhum_ghz5Xbw4VJOBBc-jfOFaDXjG-pNanWNbg2hpp725ud4n4_emefQAsmJeKHZS2pA5qIOwPTNZLT4zaaZZKSuFGOTr2yhrRaetcbw0Ry1H6nq0eZO31fw6m-W9bY-ygzO2FzDnXufjzFNYvmLrrN4kIbyM:1rfWGp:1wMdIXk1rpSsh6bdWRCgdPuU-ECQSMyzrYp8iuOJ4SU	2024-03-14 02:35:39.490374+00
ete8u90uwk7pg3tmfjktc58nopeh9pvx	.eJxlkMFOwzAQRP9lz1EU23Ec58i9X4CqaO3dEgO1S-yooKr_Tg29FG6rmdHTzlwAvU9bLDNuZeFYgscSUpyPXJZEGabnC_zeMMEJcz6nlaABLDAJ01mpR9WP7aCF6oa-gS3zGvHIt3T-QAorXPcN_NDn6s2hggQ8aA79G8dq0CvGl9T6FMsaXFsj7d3N7S4Rvz_dsw-ABfNSsVoZS-qgNGF_YLJeemI0zrBUUgo3yMGxV3YUnbHO9XYkYjlI37M1WtZe_-dgmv-2NVp3Qt1eyJxznYs_T2H9gqm7fgN4228H:1rfsB2:4Txw-nDVKKEW924YvqMlXj6My4TGvU3yinyV86xHvoI	2024-03-15 01:59:08.679114+00
1vikws9bptgrno2xvxra9ibnz6vsuzfl	.eJxlkMFOxDAMRP_F56pKk7RpeuS-X4BQ5cReGmCTpUkFaLX_TgN7WbhZnvGTZy6A3qctlhm3snAswWMJKc4nLkuiDNPjBX5nmOCMOX-klaABLDB1RlildS_GVlgxyqGBLfMa8cS7Ob8jhRWuTw38wOeqzaFyOrjbOfSvHKtALxifU-tTLGtwbbW0NzW3h0T89nDz3gEWzEvF9spYUkfVE-ojk_XSE6NxhqWSsnODHBx7ZcdOGOuctiMRy0F6zdb0ssb63wbT_Cfsfj32ndpfyJxzbYs_z2H9gklcvwEmwm7J:1rgEai:6AMblvi4Ib4DQtnaPn_iYt8dxIURkBO82tfd3nuFJsw	2024-03-16 01:55:08.109332+00
1nahq3pexy1q3r9nw2kkx6pf5jo76f8e	.eJxlkM1OwzAQhN9lz1EU_8V1jtz7BAhFa--WGKhdYkeAqr47NfRSuK1mRp925gwYQt5SnXGrC6caA9aY03zkumQqMD2e4feGCU5YykdeCTrACpOwg9NaDsb0QjlhO9gKrwmPfM2Wd6S4wuWpgx_23Lw5NoyAO81jeOXUDHrB9Jz7kFNdo-9bpL-5pd9n4reHW_YOsGBZGtYo60gdlCHUByYXZCBG6y1LJaXwoxw9B-V2YrDOe-12RCxHGTQ7a2Rr9X8Mpvlv11EZY64fFC6lbcWfp7h-wTRcvgFovG5d:1rgdy3:t0uQJ9XiYzcRX38lgM796gnGFWy2FCDrWQKsbcySqVw	2024-03-17 05:00:55.166917+00
ymzxiolizae5pef3pb9pgh9evnnlh7sx	.eJxlkMFOwzAQRP9lz1EUr-O4zpF7vwChaO3dkgC1S-wIUNV_p4ZeCrfVzOhpZ85AIaQtlom2MkssS6CypDgdpcyJM4yPZ_i9YYQT5fyRVoYGqMCobOeMQoW71iCazjWwZVkjHeUazu_EywqXpwZ-4FP1pqVyFNxpnsKrxGrwC8Xn1IYUy7r4tkbam5vbfWJ5e7hl7wAz5blijbaO9UEbpv4g7AIGFrLeCmpE5QccvATtdqqzzvve7ZgFBwy9OGuw1vq_hvD0t6x2puv19YUsOde15PO0rF8wdpdvH0NuwQ:1rgwCG:pyK_Y-4PNhnpL72hnOtET1xDpDrzCN0AhbjsRybn4Uo	2024-03-18 00:28:48.541286+00
lfzrm2m5wbidw01uywkqhcbsct1vjvkp	.eJxlkMFOwzAMht_F56pK0iZZduS-J0CocmKPBlgymlSApr07DewyuFn-P32y_wtgCHlNdcK1zpxqDFhjTtOJ65ypwP7xAr8z7OGMpXzkhaADrLCXVjhttDKyH5yS1nawFl4SnniDyztSXOD61MGPfGrZFJtHwt3OY3jl1AJ6wfSc-5BTXaLvG9Lf0tIfMvHbw429E8xY5qbVg3U0HAdNOB6ZXFCBGK23rAalpDfKeA6D20lhnfej2xGxMiqM7KxW7a3_bTBNf54dhRml3i4oXEoriz_PcfnaGCWcEeL6DVr4b8w:1rhA1F:t0rMxGmDCqsDY6bePRLX0xGnsxfBKO8Z5ZEZVkRgNwA	2024-03-18 15:14:21.407602+00
ryp5vvt5u5allm6knnqu400ulkffnbig	.eJxlkM1OwzAQhN9lz1HknySOc-TeJ0BVtPZuiYHaJXZUUNV3p4ZeCrfVzOjTzlwAvU9bLDNuZeFYgscSUpyPXJZEGabnC_zeMMEJcz6nlaABLDBJI-wgjR5Fa8UgjLENbJnXiEe-pfMHUljhum_ghz5Xbw4VJOFBc-jfOFaDXjG-pNanWNbg2hpp725ud4n4_emefQAsmJeK7bWxpA-6J-wOTNYrT4zGGVZaKekGNTj22o5SGOtcZ0ciVoPyHVvTq9rr_xxM89-2SspOj7cXMudc5-LPU1i_YBLXb4BXbws:1rhNZs:84BYoerzvOoMDR28fz2YnZ0hctJ6rMlU9PuZQY2FhdE	2024-03-19 05:43:00.922425+00
thxkdv7jgg3zowd17mz1jwqce0e5c0h4	.eJxlkM1OwzAQhN9lz1Hkv8R1jtz7BAhFa--WGKhdYkeAqr47NfRSuK1mRp925gwYQt5SnXGrC6caA9aY03zkumQqMD2e4feGCU5YykdeCTrACpO0UggzOqF77cSgx10HW-E14ZGv6fKOFFe4PHXwQ5-bN8cGknCneQyvnJpBL5iecx9yqmv0fYv0N7f0-0z89nDL3gEWLEvDDto60gc9EJoDkwsqEKP1lpVWSvpRjZ6DdjsprPPeuB0Rq1EFw84OqvX6PwfT_Ketkc5pM1xfKFxKm4s_T3H9gklcvgFvnm74:1rjBJf:MUvdSLDihhoZEBCDvq05RtpdCgSJ5LFH7oBWhnbJa3o	2024-03-24 05:01:43.424778+00
zb47wz6195iw9xsh3i7i1vxup88odzbb	.eJxlkMFOwzAQRP9lz1EU23Ec58i9X4CqaO3dEgO1S-yooKr_Tg29FG6rmdHTzlwAvU9bLDNuZeFYgscSUpyPXJZEGabnC_zeMMEJcz6nlaABLDAJIzohrR5Na7th1Fo1sGVeIx75ls4fSGGF676BH_pcvTlUkIAHzaF_41gNesX4klqfYlmDa2ukvbu53SXi96d79gGwYF4qVitjSR2UJuwPTNZLT4zGGZZKSuEGOTj2yo6iM9a53o5ELAfpe7ZGy9rr_xxM89-2Ugxa9LcXMudc5-LPU1i_YOqu33zSbwc:1rjWpH:aW0XQaC51Yo65wX17wFo1jh90EfCUZKlK1nV5V1dWnk	2024-03-25 03:59:47.923041+00
ntsefbm8metcmjdviajrgt1nduk5xly5	.eJxlkM1OwzAQhN9lz1EU_ySOc-TeJ0BVtPZuiYHaJXZUUNV3p4ZeCrfVzOjTzlwAvU9bLDNuZeFYgscSUpyPXJZEGabnC_zeMMEJcz6nlaABLDAJIzqhhDVd21ttxkE2sGVeIx75ls4fSGGF676BH_pcvTlUkIAHzaF_41gNesX4klqfYlmDa2ukvbu53SXi96d79gGwYF4qtlfGkjqonlAfmKyXnhiNMyyVlMINcnDslR1FZ6xz2o5ELAfpNVvTy9rr_xxM85-2Q2d0b8fbC5lzrnPx5ymsXzB11291_28B:1rjXRi:yFBNZUdGXxPoWWzYeZ_1xP2ZbdHDQhyDEjusFyOI49E	2024-03-25 04:39:30.608326+00
zz7fq24pfnrxrmr1gw5p34jh08cn2bat	.eJxlkMFOwzAQRP9lz1EU20ls58i9X4CqaO3dEgO1S-yooKr_Tg29FG6rmdHTzlwAvU9bLDNuZeFYgscSUpyPXJZEGabnC_zeMMEJcz6nlaABLDAJLTqhRtMN7aCNsaaBLfMa8ci3cP5ACitc9w38wOfqzaFyBDxoDv0bx2rQK8aX1PoUyxpcWyPt3c3tLhG_P92zD4AF81Kxg9KW1EENhP2ByXrpiVE7zVJJKdwoR8deWSM6bZ3rrSFiOUrfs9WDrLX-r8E0_y1rRa-1vb2QOee6Fn-ewvoFU3f9BjIQbtw:1rjYhh:KUlXnI7uLZkDd5n1cXJiOwzOQ5JZnjHE1DZVRUfW750	2024-03-25 06:00:05.592175+00
193d6mzcwtrwwvq8dg7bmlch9cykcj3l	.eJxlkEFOwzAQRe8y68iKHSeOs2TfEyBkjT1TYqB2iR0Bqnp3MHRTsRvNf3rS_xfAEPKeqsO9rpxqDFhjTu7Edc1UYHm8wN8NC5yxlI-8EXSAFRZpZC-11tIIa7Wap7mDvfCW8MQ_dHlHihtcnzr4tbuWudhEEu5-HsMrpxbQC6bnLEJOdYteNETc0iIOmfjt4cbeCVYsa9OOg7E0HIeRUB-ZbFCBGI03rAalpJ_U5DkMdpa9sd5rOxOxmlTQbM2oWq__czC5u7az6PvJ6NbWFS6lzcWf57h9wdJfvwF6YG7_:1rjagU:Wf04kjSe3SU01x14U0vojhkV4tjJGLEK9JX7U-PXXlo	2024-03-25 08:06:58.007437+00
i6bolhhh58o2iepag4ysiiz7y7eff85u	.eJxlkMFOwzAQRP9lz1EUO3Ec58i9X4CqaO3dEgO1i-2ooKr_Tg29FG6rmdHTzlwAnYtbKAtuZeVQvMPiY1iOXNZIGebnC_zeMMMJcz7HRNAAFpiFFp1Qpht0K_RoOtPAljkFPPItnD-QfILrvoEf-FK9xVeOgAfNonvjUA16xfASWxdDSd62NdLe3dzuIvH70z37AFgxrxWrem2oP_SKcDgwGScdMWqrWfZSCjvK0bLrzSQ6bawdzETEcpRuYKOVrLX-r8G0_C07GTWq2weZc65j8efJpy-Yu-s3vIBunQ:1rjeUR:fMCVoQGTOFjq57xMcZ72t37a6tUXRIErTRpsDcvZlqU	2024-03-25 12:10:47.190325+00
f2hbqhpevvdqbr4yuddjj92qpc2b9j1a	.eJxlkEFOwzAQRe8y6yiK7SSOs2TfEyBkjT1TYqB2iR0Bqnp3YuimsBvNf3rS_xdA79MWi8WtLBxL8FhCivbEZUmUYX68wO8NM5wx54-0EjSABWahRSfFaKRojRLT1E8NbJnXiCfe6fyOFFa4PjXwY7c1s6GKBNz9HPpXjjWgF4zPqfUpljW4tiLtLc3tIRG_PdzYO8GCeanaQWlD6qgGwv7IZLz0xKidZqmkFG6Uo2OvzCQ6bZzrzUTEcpS-Z6MHWXv9n4PJ_m07CGH2sjZzznUt_jyH9WtnZGfGrrt-A6W1b_0:1rjtXt:1vkFoigDOIQtCAhL0uNpDG636i8eHav2-pDB8zdlUy0	2024-03-26 04:15:21.952654+00
ysxehm76u1jcse6bppqzhiv1pypqiod0	.eJxlkMFOwzAMht_F56pKnDZpeuS-J0CochKPFlgymlSApr07DewyuFn-P32y_wuQ92mLZaKtzBzL4qksKU4nLnMKGcbHC_zOMMKZcv5Ia4AGqMAojRSopBayFVppidjAlnmNdOKdzu8UlhWuTw382KeaTUsVSbjbOfKvHGsQXig-p9anWNbFtRVpb2luDynw28ONvRPMlOeq7ZWxQR1VH6g7crAefWAyzjAqROk0asde2UEKY53r7BACo0bfsTU91r_-18Fh-vvtoIaul_sJmXOudfHneVm_dgiF1UJcvwHxqnAE:1rjxMf:mu3mWaclYEMyghT2xlqoIAN3UIf5eDLEjIWWUErpi1Q	2024-03-26 08:20:01.08531+00
ph5refjr58t2b6jvmybh2zelwmp95sqy	.eJxlkMtOwzAQRf_F6yjyI4ntLNn3CxCyxp4pMVC7xI4AVf13YuimsBvNPTrSvRcGIeQtVQdbXSjVGKDGnNyJ6pKxsPnxwn5vNrMzlPKRV2Qdg8pmoQWXyshJ91YrZbjp2FZoTXCinS7vgHFl16eO_dhdy1xsIsHufh7CK6UW4Auk59yHnOoafd-Q_paW_pCR3h5u7J1ggbI07ai0RXVUI8JwJLRBBiTQXpNUUgo_yclTUNYIrq33gzWIJCcZBrJ6lK3X_zkI3d-2ZtRiL-sKldLWos9zXL92RnI7cX79Bqu_cA0:1rjz6B:l3m7X0C71apchM5xQUcIUKCLs_nPngFC0w3LXXPLxY8	2024-03-26 10:11:07.986402+00
1asvw62cct6d64appn6ascqb5wx0vfnh	.eJxlkMFOwzAQRP9lz1EU24kd58i9X4CqaO3dEgO1S-yooKr_Tg29FG6rmdHTzlwAvU9bLDNuZeFYgscSUpyPXJZEGabnC_zeMMEJcz6nlaABLDAJIzotetH1rRi6UQ8NbJnXiEe-hfMHUljhum_gBz5Xbw6VI-BBc-jfOFaDXjG-pNanWNbg2hpp725ud4n4_emefQAsmJeKHZSxpA5qIOwPTNZLT4zGGZZKSuG01I69sqPojHWutyMRSy19z9YMstb6vwbT_LesHrVRtw8y51zH4s9TWL9g6q7fqXVufw:1rlYs4:MWVxKEcuTHZUCjRvw31QUqe95uBgXRWnEwwfdJ4KKjA	2024-03-30 18:35:04.170593+00
48k82ub0446at99yopwo1umkub48nlze	.eJxlkMFOwzAMht_F56pqnbRpeuS-J0CocmKPFlgymlSApr07DewyuFn-P32y_wuQ93ELeaItzxLy4ikvMUwnyXPkBOPjBX5nGOFMKX3ElaECyjC2pm0Gixp1jd2grdYVbEnWQCfZ6fROvKxwfargxz6VbFqKqIW7nSP_KqEE_ELhOdY-hrwuri5IfUtTfYgsbw839k4wU5qLtlPGsjqqjkkfha1Hz0LGGUGF2Loeeyde2aFtjHVO24FZsEevxZoOy1__6xCe_n5rdKeU2U9IklKpSz7Py_q1Q9jYvmmu3xaEcDY:1rmjH6:qlXtd-VSVHeyky9XP_72SyjzEDovnJeYp30KG0FmK24	2024-04-02 23:53:44.275937+00
x60rmj2gt7u1y3knm2ifzf77r16gt0br	.eJxlkM1OwzAQhN9lz1FU_ySOc-TeJ0BVtPZuiYHaJXZUUNV3J4ZeCrfVzujTzFwBvU9rLBOuZeZYgscSUpxOXOZEGcbnK_zeMMIZc76khaABLDAKI4Tu1SB2rTFSKKEbWDMvEU-8ufMHUljgdmjghz5VbQoVJODh59C_cawCvWJ8Sa1PsSzBtdXS3tXc7hPx-9Pd-wCYMc8V2yljSR1VR6iPTNZLT4zGGZZKSuF62Tv2ym6RjXVO24GIZS-9Zms6WXv9n4Np-tt2MNp0wxYhc851Lv48h-ULxt3tG2jybvw:1rp7v0:u8da_BDGUzAMRFbna_5XUsqvYlFqA-FhSyY0Bd9eTbw	2024-04-09 14:36:50.78877+00
li8ptadorpowknka7g2w2a29dfwy5oup	.eJxlkMFOwzAQRP9lz1EU23Ec58i9X4CqaO3dEgO1S-yooKr_Tg29FG6rmdHTzlwAvU9bLDNuZeFYgscSUpyPXJZEGabnC_zeMMEJcz6nlaABLDAJI4QWvZVdq1Un9Kgb2DKvEY98S-cPpLDCdd_AD32u3hwqSMCD5tC_cawGvWJ8Sa1PsazBtTXS3t3c7hLx-9M9-wBYMC8Vq5WxpA5KE_YHJuulJ0bjDEslpXCDHBx7ZUfRGetcb0ciloP0PVujZe31fw6m-W_bXsqhG24vZM65zsWfp7B-wdRdvwFnkm7n:1rpLDM:0c4xGgqdinwuTtSe2IEvb5AyBKHZSQ0I8jqBoFzNbuw	2024-04-10 04:48:40.543837+00
\.


--
-- Data for Name: django_site; Type: TABLE DATA; Schema: public; Owner: postgres
--

COPY public.django_site (id, domain, name) FROM stdin;
1	example.com	example.com
\.


--
-- Data for Name: track_goal; Type: TABLE DATA; Schema: public; Owner: postgres
--

COPY public.track_goal (id, description, status, target_date, owner_id) FROM stdin;
9	test goal 3	notdone	2024-01-08	3
10	test goal 4	notdone	2023-01-08	3
1	Improve my Urdu writing skills	complete	2024-01-06	2
24	test goal 1	notdone	2024-03-15	2
20	Full Stack Development Skills	in-progress	2024-03-31	1
13	Finish at least 3 portfolio projects	inprogress	2024-02-28	1
11	Develop efficiency of common algorithms	inprogress	2024-03-31	1
12	Find a Programming Job	inprogress	2024-03-31	1
19	Become better programmer	inprogress	2024-05-30	1
\.


--
-- Data for Name: track_objective; Type: TABLE DATA; Schema: public; Owner: postgres
--

COPY public.track_objective (id, description, category, due_date, completion_date, effort_hours, effort_hours_left, status, progress, goal_id, owner_id) FROM stdin;
3	Finish off Urdu Kiada 1	urdu	2024-01-16	\N	2	2	ongoing	1	1	2
5	Udemy JavaScript Course - Algorithms part	algorithms	2024-01-14	\N	20	20	notdone	0	11	1
6	Add REST API to Goals Tracker Project	django	2024-01-10	2024-01-11	10	10	ongoing	0	13	1
9	Learn Data Structures - Python	programming	2024-01-17	\N	20	2	notdone	0	19	1
13	Computational Thinking for Problem Solving	programming	2024-02-04	2024-02-11	10	10	notdone	0	11	1
14	Divide and Conquer, Sorting and Searching, and Randomized Algorithms	programming	2024-02-18	\N	30	30	notdone	0	11	1
15	Advanced Django: Introduction to Django Rest Framework	full-stack	2024-02-18	\N	20	20	in-progress	0	20	1
10	Select Topics in Python: Packaging	full-stack	2024-02-11	\N	10	10	notdone	0	20	1
11	Select Topics in Python: Django	full-stack	2024-02-11	\N	10	10	notdone	0	20	1
12	Code with Mosh - Ultimate Django part 2	full-stack	2024-02-04	2024-02-11	10	10	complete	100	20	1
7	Revise algorithms	programming	2024-01-20	\N	20	2	complete	100	11	1
16	code with mosh - algorithms and data structures	programming	2024-02-28	\N	32	2	inprogress	0	19	1
17	Django for Everybody	\N	2024-02-28	\N	32	2	inprogress	0	20	1
18	Network Automation	\N	2024-03-31	\N	42	2	notdone	0	19	1
19	Programming with Purpose - Java	programming	2024-02-22	\N	2	2	inprogress	0	19	1
20	Using JavaScript and JSON in Django	django	2024-03-17	\N	36	36	inprogress	0	20	1
21	code with mosh - Docker Ultimate Guide	\N	2024-03-04	\N	18	18	inprogress	0	13	1
22	Cloud Computing Foundations	\N	2024-03-31	\N	36	36	inprogress	0	13	1
23	INE CCIE SP Workbook - with Ansible	network-automation	2024-03-04	\N	60	60	inprogress	0	19	1
24	Scrimba - Learn JavaSript	programming	2024-03-17	\N	36	36	inprogress	0	19	1
8	Goals tracker project	Full Stack	2024-03-31	\N	32	2	inprogress	0	13	1
25	Cloud Computing Foundations	full stack	2024-03-31	\N	36	36	inprogress	0	20	1
26	Learn JavaScript	full stack	2024-03-24	\N	32	32	inprogress	0	20	1
27	Build Expense Tracker	full stack	2024-03-17	\N	20	20	inprogress	0	13	1
28	Async JavaScript	full stack	2024-03-24	\N	10	2	inprogress	0	20	1
29	Sprint Planning	admin	2024-06-30	\N	24	2	notdone	0	19	1
30	Data Analysis using Python	programming	2024-03-31	\N	32	2	inprogress	0	19	1
\.


--
-- Data for Name: track_sprint; Type: TABLE DATA; Schema: public; Owner: postgres
--

COPY public.track_sprint (id, title, description, start_date, end_date, status, comments, owner_id) FROM stdin;
1	AB	The first sprint of the year.	2024-01-09	2024-01-20	notstarted	Let's get cracking!	2
2	AB Sprint	First sprint of the year. cute	2024-01-09	2024-01-19	notstarted	Let's get cracking.	2
3	Week2-Sprint	This is short sprint of only 5 days (Wed 10 to Sun 14, Jan 2024)	2024-01-10	2024-01-14	complete	Well done.	1
4	Sprint 2 (Week 3- 4)	This sprint is focused on getting algorithms revised and personal project of GoalTracker online.	2024-01-15	2024-01-27	complete	Couldn't keep track of this sprint completely.	1
8	Sprint - Week # 9	Let's focus on getting incomplete courses done and write/improve programming CV. 50+ Hours on clock would be super cool...\r\n\r\nClosing comments: overall it was a good sprint. Completed 92% - the real cool touch was addition of Ansible Playbooks for CCIE SP worksbook!	2024-02-26	2024-03-03	complete		1
9	Sprint - Week # 10	Let's start slowing moving focus to finding a remote job. I think I know enough to be dangerous! Pray and push as hard as you can ;)	2024-03-04	2024-03-10	complete	It was great, lacking some hours. Was a bit out of track, doing things randomly, that need to be fixed in next sprint, but overall it was great. Made good progress on Ansible playbooks and started cloud computing course!	1
12	Week 13 Sprint	Objectives for this Sprint. Let's aim to finish off all of these. \r\n  <ul>\r\n    <li><s>Finish off Cloud Computing Foundations</s></li>\r\n    <li><s>Cisco - Ansible for Network Automation</s></li>\r\n    <li><s>Data Analysis using Python, that will complete Penn's</s> <strong>Introduction to Programming with Python and Java Specialization</strong></li>\r\n    <li>CCIE SP, Automation tasks, L3VPN Policy Routing to OSPF Domain ID (3 left)</li>\r\n  </ul>	2024-03-25	2024-03-31	inprogress		1
5	Sprint W6	This is a weekly Sprint. Depending on the outcome of this sprint, look into next week.	2024-02-05	2024-02-12	complete	Full Stack objectives - \r\n1. Select Topics in Python: Packaging\r\n2. Select Topics in Python: Django\r\n3. Code with Mosh - Ultimate Django part 2	1
6	Sprint - Week 7	Focus on Alogrithm design and Django REST APIs and Authentications System.	2024-02-12	2024-02-18	complete	Let's track it 100% ...	1
10	Week # 11 Sprint	First sprint that comes in Ramadan. Focus, 50 hours+ is the target!	2024-03-11	2024-03-17	complete	*** Couldn't complete even 50%, really sad, need to improve!!! ***	1
7	Sprint - Week # 8	Target for this sprint is to do have good all round performance, work at least 40 hours for the week.	2024-02-19	2024-02-25	complete	Brilliant work, ended at 47 hours! Also passed Turing test passed today.\r\n\r\nDefinitely ... calls for some celebrations.	1
11	Week 12 Sprint	This Sprint is Important as it is second sprint of Ramadan and need to be followed through 100%.	2024-03-18	2024-03-24	complete	Couldn't finish 100% but overall it was good, about 80%. I would like to call it good progress!!!	1
\.


--
-- Data for Name: track_task; Type: TABLE DATA; Schema: public; Owner: postgres
--

COPY public.track_task (id, title, due_date, status, date_completed, start_time, end_time, objective_id, owner_id, sprint_id, effort_hours, backlog, date_added) FROM stdin;
95	more work linked lists	2024-03-04 17:00:00+00	complete	\N	07:00:00	09:00:00	16	1	9	2	f	2024-03-04
66	rhel ansible networking - videos 25 - 40 - rework	2024-02-23 17:00:00+00	complete	2024-02-23 10:00:00+00	07:00:00	10:00:00	18	1	7	3	f	2024-02-23
67	Add backlog, date_added fields to Task model, update GUI	2024-02-23 17:00:00+00	complete	2024-02-23 11:00:00+00	10:00:00	11:00:00	8	1	7	2	f	2024-02-23
40	bucket sort - 1.5 hours	2024-02-20 17:00:00+00	complete	2024-02-20 09:00:00+00	08:00:00	09:00:00	16	1	7	3	f	2024-02-23
58	Turing skill tests - 1hour	2024-02-20 10:00:00+00	complete	2024-02-20 10:00:00+00	09:00:00	10:00:00	7	1	7	2	f	2024-02-23
56	rhel ansible networking - videos 25 - 35	2024-02-20 17:00:00+00	complete	2024-02-20 17:00:00+00	15:00:00	17:00:00	18	1	7	2	f	2024-02-23
91	Ansible practice using CCIE SP Workbook	2024-02-29 17:00:00+00	complete	2024-02-29 15:00:00+00	10:00:00	12:00:00	18	1	8	2	f	2024-02-29
83	Personal Tracker - publish 2	2024-02-29 17:00:00+00	complete	2024-02-29 17:00:00+00	15:00:00	17:00:00	6	1	8	2	f	2024-02-25
23	Revise Selection Sort	2024-01-10 17:00:00+00	complete	2024-01-10 17:00:00+00	02:00:00	04:00:00	5	1	3	2	f	2024-02-23
24	Revise Insertion Sort	2024-01-10 17:00:00+00	complete	2024-01-10 17:00:00+00	03:00:00	05:00:00	5	1	3	2	f	2024-02-23
60	D4E - Session Authentication	2024-02-21 17:00:00+00	complete	\N	10:00:00	11:00:00	17	1	7	1	f	2024-02-23
62	Programming with Purpose(PwP) - Week 1 assignments - part 1	2024-02-21 17:00:00+00	complete	2024-02-21 21:00:00+00	20:00:00	21:00:00	13	1	7	2	f	2024-02-23
97	Hash Tables - Python	2024-03-09 17:00:00+00	complete	2024-03-09 12:00:00+00	11:00:00	12:00:00	7	1	9	2	f	2024-03-04
25	Learn Merge Sort	2024-01-10 17:00:00+00	complete	2024-01-10 17:00:00+00	05:18:57	07:18:57	5	1	3	2	f	2024-02-23
26	Setup simple REST Framework	2024-01-10 17:06:17+00	complete	2024-01-10 17:06:17+00	06:06:17	08:06:17	6	1	3	2	f	2024-02-23
79	DJ Features & Libraries - Week 6	2024-03-01 17:00:00+00	inprogress	\N	00:00:00	00:00:00	17	1	8	3	f	2024-02-25
89	Stacks, Linked List - leftovers	2024-02-29 17:00:00+00	complete	2024-02-29 08:00:00+00	07:00:00	08:00:00	16	1	8	2	f	2024-02-28
81	Fix Personal Tracker Homepage	2024-02-26 17:00:00+00	complete	\N	10:30:00	11:30:00	6	1	8	2	f	2024-02-25
65	Improve functionality of peronsal_tracker_v2	2024-02-22 17:00:00+00	complete	2024-02-22 17:00:00+00	10:00:00	12:00:00	8	1	7	2	f	2024-02-23
63	Week 1 assignments - last 2	2024-02-22 17:00:00+00	complete	2024-02-22 17:00:00+00	15:00:00	17:00:00	19	1	7	1	f	2024-02-23
92	Ansible - Playbooks	2024-03-01 17:00:00+00	complete	2024-03-01 17:00:00+00	12:00:00	15:00:00	18	1	8	2	f	2024-03-02
75	Hash Tables - 3 Hours	2024-03-03 17:00:00+00	notdone	\N	00:00:00	00:00:00	16	1	8	3	f	2024-02-25
73	Stacks - 3 Hours	2024-02-28 17:00:00+00	complete	2024-02-28 11:00:00+00	09:00:00	10:00:00	16	1	8	3	f	2024-02-25
85	update Turing profile with projects	2024-02-29 17:00:00+00	complete	2024-02-29 10:00:00+00	08:00:00	10:00:00	6	1	8	2	f	2024-02-25
31	GoalTracker landing page for registered users	2024-01-18 02:17:45+00	complete	2024-01-17 02:05:13+00	02:17:45	04:17:45	8	1	4	2	f	2024-02-23
87	Linked Lists - part 2 - 3 Hours	2024-02-28 17:00:00+00	complete	2024-02-28 10:00:00+00	07:00:00	09:00:00	7	1	8	2	f	2024-02-27
99	Linked Lists - Python	2024-03-06 17:00:00+00	complete	2024-03-06 17:00:00+00	07:00:00	09:00:00	7	1	9	2	f	2024-03-04
117	Week # 1 - Develop Passenger Counter - Part 1	2024-03-07 17:00:00+00	complete	2024-03-07 17:00:00+00	15:00:00	19:00:00	24	1	9	4	f	2024-03-07
71	Arrays - 3 Hours	2024-02-26 09:00:00+00	complete	2024-02-26 09:00:00+00	07:00:00	09:00:00	16	1	8	3	f	2024-02-25
18	test	2024-01-09 05:40:51+00	ongoing	\N	04:48:55.572141	00:00:00	3	2	\N	2	f	2024-02-23
69	rhel ansible networking - videos 56 - 60	2024-02-29 17:00:00+00	complete	2024-02-29 15:00:00+00	12:00:00	15:00:00	18	1	8	2	f	2024-02-25
77	DJ Features & Libraries - Week 4	2024-02-27 17:00:00+00	complete	2024-02-27 13:00:00+00	10:00:00	13:00:00	17	1	8	3	f	2024-02-25
93	queues more work - 1 Hour	2024-03-05 17:00:00+00	complete	2024-03-05 17:00:00+00	16:00:00	17:00:00	16	1	9	1	f	2024-03-04
38	quick sort	2024-02-19 17:00:00+00	complete	2024-02-19 10:00:00+00	07:00:00	10:00:00	16	1	7	3	f	2024-02-23
86	Conditionals & Loops Assignment	2024-03-17 17:00:00+00	notdone	\N	00:00:00	00:00:00	19	1	10	2	f	2024-02-26
135	Heaps - part 1	2024-03-16 17:00:00+00	notdone	\N	00:00:00	00:00:00	16	1	10	1	f	2024-03-11
119	Ansible - MPLS as much as you can!	2024-03-07 17:00:00+00	complete	2024-03-07 17:00:00+00	15:00:00	17:00:00	23	1	9	2	f	2024-03-07
107	Working with Containers	2024-03-05 17:00:00+00	complete	2024-03-05 11:00:00+00	10:00:00	12:00:00	21	1	9	3	f	2024-03-04
113	IS-IS - part 2	2024-03-05 17:00:00+00	complete	2024-03-05 09:00:00+00	07:00:00	09:00:00	23	1	9	2	f	2024-03-04
111	Week # 1 - part 2	2024-03-08 17:00:00+00	complete	2024-03-08 17:00:00+00	12:00:00	13:00:00	22	1	9	3	f	2024-03-04
44	django models (d4e) - 3 hours	2024-02-19 17:00:00+00	complete	2024-02-19 13:00:00+00	10:00:00	13:00:00	17	1	7	3	f	2024-02-23
115	Videos 65 - 70	2024-03-05 17:00:00+00	complete	2024-03-05 17:00:00+00	14:00:00	16:00:00	23	1	9	2	f	2024-03-04
20	my new task	2024-01-09 05:50:57+00	notdone	\N	05:50:57	00:00:00	3	2	\N	2	f	2024-02-23
29	Revise recursion	2024-01-17 02:06:00+00	complete	2024-01-17 02:05:13+00	02:06:00	00:00:00	7	1	4	2	f	2024-02-23
120	Week # 2 - part 1	2024-03-09 17:00:00+00	complete	2024-03-09 11:00:00+00	08:00:00	10:00:00	22	1	9	2	f	2024-03-09
122	Arrange Sprints in alphabetical order in Add Task dropdown	2024-03-10 17:00:00+00	notdone	\N	00:00:00	00:00:00	6	1	9	2	f	2024-03-09
19	test 2	2024-01-09 05:41:35+00	notdone	\N	05:41:35	00:00:00	3	2	\N	2	f	2024-02-23
123	Week # 2 - part 2	2024-03-09 17:00:00+00	complete	2024-03-09 11:00:00+00	10:00:00	11:00:00	22	1	9	2	f	2024-03-09
21	Sprint 1 task 1	2024-01-09 11:51:26+00	notdone	\N	11:51:26	00:00:00	3	2	1	2	f	2024-02-23
43	finish off css - (d4e) - 1 hour	2024-02-19 17:00:00+00	notdone	\N	00:00:00	00:00:00	17	1	7	1	f	2024-02-23
22	Revise Bubble Sort	2024-01-10 17:00:00+00	complete	2024-01-10 17:00:00+00	00:00:00	00:00:00	5	1	3	2	f	2024-02-23
124	Coursera Django Project - part 1	2024-03-09 17:00:00+00	complete	2024-03-09 15:00:00+00	13:00:00	15:00:00	8	1	9	3	f	2024-03-09
35	Designing and implementing Shopping Cart API	2024-02-05 07:21:25+00	complete	2024-02-05 07:21:25+00	07:21:25	00:00:00	12	1	5	2	f	2024-02-23
36	Django Authentication System	2024-02-05 07:23:41+00	complete	2024-02-06 07:25:24+00	07:23:41	00:00:00	12	1	5	2	f	2024-02-23
27	Revise search algorithms	2024-01-17 02:05:13+00	complete	2024-01-17 02:05:13+00	02:05:13	00:00:00	7	1	4	2	f	2024-02-23
28	Revise sorting algorithms	2024-01-17 02:05:38+00	complete	2024-01-17 02:05:13+00	02:05:38	00:00:00	7	1	4	2	f	2024-02-23
52	rhel ansible networking - videos 36 - 50	2024-02-21 17:00:00+00	complete	2024-02-21 17:00:00+00	15:00:00	17:00:00	18	1	7	2	f	2024-02-23
30	GoalTracker landing page for unregistered	2024-01-17 02:07:38+00	complete	2024-01-17 02:07:38+00	02:07:38	04:07:38	8	1	4	2	f	2024-02-23
32	think like computer - linked lists	2024-01-18 02:27:15+00	notdone	\N	00:00:00	00:00:00	9	1	4	2	f	2024-02-23
33	think like computer - stacks, queues	2024-01-19 02:27:33+00	notdone	\N	02:27:33	02:27:33	9	1	4	2	f	2024-02-23
47	forms in http and html - 3 hours	2024-02-20 17:00:00+00	complete	2024-02-20 17:00:00+00	13:00:00	13:00:00	17	1	7	3	f	2024-02-23
34	think like computer - Trees	2024-01-20 02:28:23+00	notdone	\N	02:28:23	02:28:23	9	1	4	2	f	2024-02-23
121	Add Historic Sprint performance diagram	2024-03-12 17:00:00+00	complete	2024-03-12 17:00:00+00	16:00:00	17:00:00	8	1	10	2	f	2024-03-09
37	Nested Relationships - exercise	2024-02-06 07:25:24+00	complete	2024-02-06 07:25:24+00	07:25:24	10:25:24	15	1	5	2	f	2024-02-23
48	Filter out completed objectives	2024-02-19 15:00:00+00	complete	2024-02-19 15:00:00+00	13:00:00	15:00:00	8	1	7	2	f	2024-02-23
51	rhel ansible networking - videos 20 - 24	2024-02-19 17:00:00+00	complete	2024-02-19 17:00:00+00	15:00:00	17:00:00	18	1	7	2	f	2024-02-23
80	Look into publishing website	2024-02-27 17:00:00+00	complete	\N	13:00:00	15:00:00	17	1	8	3	f	2024-02-25
39	counting sort - est 1.5 hours	2024-02-20 17:00:00+00	complete	2024-02-20 08:00:00+00	07:00:00	08:00:00	16	1	7	3	f	2024-02-23
96	Hash Tables - 3 Hours	2024-03-06 17:00:00+00	complete	2024-03-06 12:00:00+00	11:00:00	12:00:00	16	1	9	2	f	2024-03-04
57	Revise Insertion Sort - 1 hour	2024-02-20 17:00:00+00	complete	2024-02-20 09:00:00+00	09:00:00	09:00:00	7	1	7	1	f	2024-02-23
41	all search algorithms - 3 hours	2024-02-22 17:00:00+00	complete	2024-02-22 10:00:00+00	08:00:00	10:00:00	16	1	7	2	f	2024-02-23
45	django views (d4e) - 3 hours	2024-02-20 17:00:00+00	complete	2024-02-20 11:00:00+00	10:00:00	11:00:00	17	1	7	3	f	2024-02-23
42	string manipulation algorithms - 3 hours	2024-02-21 09:00:00+00	complete	2024-02-21 09:00:00+00	07:00:00	10:00:00	16	1	7	3	f	2024-02-23
46	django generic views - 3 hours	2024-02-20 12:00:00+00	complete	2024-02-20 12:00:00+00	11:00:00	12:00:00	17	1	7	1	f	2024-02-23
61	D4E - User Authentication (week2)	2024-02-21 17:00:00+00	complete	2024-02-21 13:00:00+00	11:00:00	13:00:00	17	1	7	2	f	2024-02-23
59	Django Features & Libraries - Week # 1 videos	2024-02-20 17:00:00+00	complete	2024-02-20 15:00:00+00	12:00:00	13:00:00	17	1	7	2	f	2024-02-23
78	DJ Features & Libraries - Week 5	2024-03-01 17:00:00+00	complete	\N	10:00:00	12:00:00	17	1	8	3	f	2024-02-25
50	Improve overall look of landing page (4 hours)	2024-02-20 17:00:00+00	complete	2024-02-20 15:00:00+00	13:00:00	15:00:00	8	1	7	4	f	2024-02-23
54	rhel ansible networking - videos 46 - 50	2024-02-27 17:00:00+00	complete	2024-02-27 17:00:00+00	15:00:00	17:00:00	18	1	8	2	f	2024-02-23
49	Update outlook of GoalTracker App	2024-02-21 17:00:00+00	complete	2024-02-21 15:00:00+00	13:00:00	15:00:00	8	1	7	2	f	2024-02-23
68	Look into matplotlib to plot sprint performance	2024-02-23 17:00:00+00	complete	2024-02-23 15:00:00+00	12:00:00	15:00:00	8	1	7	3	f	2024-02-23
64	Django Features & Libraries - Week 3 & 4	2024-02-23 10:00:00+00	inprogress	2024-02-22 18:00:00+00	07:00:00	10:00:00	17	1	7	3	f	2024-02-23
70	rhel ansible networking - videos 61 - 65	2024-03-01 17:00:00+00	complete	2024-03-01 17:00:00+00	14:00:00	17:00:00	18	1	8	2	f	2024-02-25
84	Personal Tracker - publish 3	2024-03-17 17:00:00+00	notdone	\N	00:00:00	00:00:00	8	1	10	2	f	2024-02-25
55	rhel ansible networking - videos 51 - 55	2024-02-28 17:00:00+00	complete	2024-02-28 18:00:00+00	15:00:00	18:00:00	18	1	8	2	f	2024-02-23
98	Stacks - Python	2024-03-06 17:00:00+00	complete	2024-03-06 17:00:00+00	12:00:00	14:00:00	7	1	9	2	f	2024-03-04
82	Personal Tracker - publish 1	2024-02-28 17:00:00+00	complete	2024-02-28 12:00:00+00	10:00:00	12:00:00	6	1	8	2	f	2024-02-25
72	Linked Lists - part 1 - 3 Hours	2024-02-27 17:00:00+00	complete	2024-02-27 10:00:00+00	07:00:00	10:00:00	16	1	8	3	f	2024-02-25
76	DJ Features & Libraries - Week 3	2024-02-26 17:00:00+00	complete	2024-02-26 14:00:00+00	11:00:00	14:00:00	17	1	8	3	f	2024-02-25
53	rhel ansible networking - videos 42 - 45	2024-02-26 17:00:00+00	complete	2024-02-26 17:00:00+00	15:00:00	17:00:00	18	1	8	2	f	2024-02-23
94	stacks more work - 1 hour	2024-03-04 17:00:00+00	complete	\N	09:00:00	10:00:00	16	1	9	1	f	2024-03-04
88	DJ Features & Libraries - Week 4 - more work	2024-02-28 17:00:00+00	complete	2024-02-28 14:00:00+00	12:00:00	14:00:00	17	1	8	2	f	2024-02-27
74	Queues - 3 Hours	2024-03-02 17:00:00+00	complete	2024-03-02 17:00:00+00	07:00:00	10:00:00	16	1	8	3	f	2024-02-25
100	Queues - Python	2024-03-08 17:00:00+00	complete	2024-03-08 12:00:00+00	11:00:00	12:00:00	7	1	9	2	f	2024-03-04
118	Week # 1 - Develop Passenger Counter - Part 2	2024-03-07 17:00:00+00	complete	2024-03-07 17:00:00+00	14:00:00	15:00:00	24	1	9	2	f	2024-03-07
106	Creating Docker Images	2024-03-04 17:00:00+00	complete	2024-03-04 15:00:00+00	12:00:00	15:00:00	21	1	9	3	f	2024-03-04
108	Docker Compose	2024-03-05 17:00:00+00	complete	2024-03-05 17:00:00+00	15:00:00	16:00:00	21	1	9	3	f	2024-03-04
110	Week # 1 - part 1	2024-03-08 17:00:00+00	complete	2024-03-08 17:00:00+00	11:00:00	13:00:00	22	1	9	3	f	2024-03-04
112	IS-IS - part 1	2024-03-04 17:00:00+00	complete	2024-03-04 20:00:00+00	17:00:00	20:00:00	23	1	9	2	f	2024-03-04
114	Organise host/group data	2024-03-06 17:00:00+00	complete	2024-03-06 17:00:00+00	13:00:00	16:00:00	23	1	9	2	f	2024-03-04
116	Videos 75 - 80	2024-03-06 17:00:00+00	complete	2024-03-06 17:00:00+00	16:00:00	17:00:00	23	1	9	2	f	2024-03-04
125	Coursera - Django Project - User setup	2024-03-10 09:00:00+00	complete	2024-03-10 09:00:00+00	07:00:00	09:00:00	11	1	9	2	f	2024-03-10
148	Finish off Coursera Django Project	2024-03-12 17:00:00+00	complete	2024-03-12 13:00:00+00	09:00:00	13:00:00	27	1	10	2	f	2024-03-12
151	test2	\N	notdone	\N	00:00:00	00:00:00	23	1	1	2	f	2024-03-12
153	test4	\N	notdone	\N	00:00:00	10:00:00	22	1	1	2	f	2024-03-12
128	Week 3, Create Azure cloud env	2024-03-17 17:00:00+00	notdone	\N	00:00:00	00:00:00	25	1	10	3	f	2024-03-10
129	Week 3, Create GCP cloud dev env	2024-03-17 17:00:00+00	notdone	\N	00:00:00	00:00:00	25	1	10	3	f	2024-03-10
130	Week 3, building multi cloud CI/CD Pipeline	2024-03-17 17:00:00+00	notdone	\N	00:00:00	00:00:00	25	1	10	3	f	2024-03-10
131	Week 4, Cloud computing service models section	2024-03-17 17:00:00+00	notdone	\N	00:00:00	00:00:00	25	1	10	3	f	2024-03-10
156	Ansible MPLS section	2024-03-13 17:00:00+00	complete	2024-03-13 17:00:00+00	09:00:00	15:00:00	23	1	10	5	f	2024-03-13
177	MPLS L3 VPN with OSPF	2024-03-21 17:00:00+00	complete	2024-03-21 19:00:00+00	17:00:00	19:00:00	23	1	11	2	f	2024-03-18
171	Async JS - module 1 - part 2	2024-03-20 17:00:00+00	inprogress	\N	00:00:00	00:00:00	28	1	11	2	f	2024-03-18
167	Week 3, Create GCP cloud dev env - rework	2024-03-22 17:00:00+00	complete	2024-03-22 17:00:00+00	12:00:00	14:00:00	22	1	11	3	f	2024-03-18
132	Week 2 - Build a Blackjack game	2024-03-11 17:00:00+00	complete	2024-03-11 17:00:00+00	14:00:00	17:00:00	26	1	10	3	f	2024-03-11
127	Week 3, Create AWS cloud development env	2024-03-12 17:00:00+00	inprogress	\N	00:00:00	00:00:00	25	1	10	3	f	2024-03-10
169	Week 4, Cloud computing service models section - rework	2024-03-23 17:00:00+00	complete	2024-03-23 17:00:00+00	01:00:00	03:00:00	22	1	11	3	f	2024-03-18
187	Final assessment	2024-03-28 17:00:00+00	complete	2024-03-28 17:00:00+00	21:00:00	22:00:00	30	1	12	3	f	2024-03-24
159	heaps - part 1 - rework 1	2024-03-23 17:00:00+00	notdone	\N	00:00:00	00:00:00	16	1	11	2	f	2024-03-17
179	Take Ayesha to Doctor	2024-03-18 17:00:00+00	complete	2024-03-18 17:00:00+00	14:00:00	17:00:00	29	1	11	3	f	2024-03-18
126	Add a start/stop button to tasks	2024-03-14 17:00:00+00	complete	2024-03-14 10:00:00+00	09:00:00	10:00:00	8	1	10	4	f	2024-03-10
157	Binary Trees - part 1 - rework	2024-03-18 17:00:00+00	complete	2024-03-18 11:00:00+00	09:00:00	11:00:00	16	1	11	2	f	2024-03-17
197	MPLS L3VPN Route Reflection	2024-03-27 15:00:00+00	complete	2024-03-27 15:00:00+00	13:00:00	15:00:00	23	1	12	4	f	2024-03-24
133	Binary Trees - part 1	2024-03-16 17:00:00+00	inprogress	\N	05:26:20	05:36:30	16	1	10	1	f	2024-03-11
134	Binary Trees - part 2	2024-03-16 17:00:00+00	inprogress	\N	00:00:00	00:00:00	16	1	10	1	f	2024-03-11
182	Binary Trees - Revision - More Work	2024-03-20 17:00:00+00	complete	2024-03-20 15:00:00+00	13:00:00	15:00:00	16	1	11	2	f	2024-03-19
165	Week 3, Create AWS cloud development env - rework	2024-03-18 17:00:00+00	complete	2024-03-18 14:00:00+00	11:02:35	14:00:00	25	1	11	3	f	2024-03-18
163	Learn JS - week 3 - Test your skills	2024-03-18 15:00:00+00	complete	2024-03-18 15:00:00+00	14:00:00	15:00:00	26	1	11	2	f	2024-03-17
195	L3VPN with Policy Routing	2024-03-25 17:00:00+00	complete	2024-03-25 17:00:00+00	13:00:00	16:00:00	23	1	12	2	f	2024-03-24
161	Trees - part 1 - rework	2024-03-21 17:00:00+00	notdone	\N	00:00:00	00:00:00	16	1	11	1	f	2024-03-17
181	binary tree part 1 - revision	2024-03-19 07:00:00+00	complete	2024-03-19 07:00:00+00	06:00:00	07:00:00	16	1	11	2	f	2024-03-19
202	Pandas - Corey - part 5-6	2024-03-28 17:00:00+00	complete	2024-03-28 18:00:00+00	17:00:00	18:00:00	30	1	12	2	f	2024-03-28
173	Basic MPLS Tunnels	2024-03-19 17:00:00+00	complete	2024-03-19 17:00:00+00	11:00:00	13:00:00	23	1	11	2	f	2024-03-18
189	Build multiple website - part 1	2024-03-25 17:00:00+00	complete	2024-03-25 17:00:00+00	15:00:00	17:00:00	22	1	12	3	f	2024-03-24
175	MPLS L3 VPN with RIPv2 - cancelled	2024-03-21 17:00:00+00	complete	2024-03-21 15:00:00+00	13:00:00	15:00:00	23	1	11	2	f	2024-03-18
200	Pandas - Corey - part 1-2	2024-03-28 17:00:00+00	complete	2024-03-28 15:00:00+00	14:00:00	15:00:00	30	1	12	1	f	2024-03-28
185	Summarising Data	2024-03-28 17:00:00+00	complete	\N	20:00:00	23:00:00	30	1	12	3	f	2024-03-24
183	Ansible intro, inventory, config file, docs, device_facts, ios core module, ansible quiz	2024-03-27 17:00:00+00	complete	2024-03-27 10:00:00+00	09:00:00	10:00:00	18	1	12	3	f	2024-03-24
191	Case study of cloud computing economics, Applied Practice, Quiz	2024-03-27 17:00:00+00	complete	2024-03-27 10:00:00+00	09:00:00	10:00:00	22	1	12	3	f	2024-03-24
193	Utilise IaC to manage Cloud Infrastructure	2024-03-27 17:00:00+00	complete	2024-03-27 08:00:00+00	07:00:00	08:00:00	25	1	12	3	f	2024-03-24
199	L3VPN MPLS VPN and OSPF Sham-Links	2024-03-29 17:00:00+00	inprogress	\N	00:00:00	00:00:00	23	1	12	4	f	2024-03-24
164	Build mobile app - Cancelled :)	2024-03-19 17:00:00+00	complete	2024-03-19 15:00:00+00	13:00:00	15:00:00	26	1	11	2	f	2024-03-17
152	test3	\N	notdone	\N	00:00:00	00:00:00	23	1	1	2	f	2024-03-12
158	binary trees - part 2 - rework	2024-03-19 17:00:00+00	complete	2024-03-19 17:00:00+00	15:00:00	17:00:00	16	1	11	2	f	2024-03-17
201	Pandas - Corey - part 3-4	2024-03-28 17:00:00+00	complete	2024-03-28 16:00:00+00	15:00:00	16:00:00	30	1	12	2	f	2024-03-28
145	Script to add data to Expense Tracker	2024-03-11 17:00:00+00	complete	2024-01-11 11:00:13+00	09:00:00	11:00:00	27	1	10	2	f	2024-03-11
147	Add functionality to go back to last viewed page	2024-03-12 17:00:00+00	complete	2024-03-12 15:00:00+00	14:00:00	15:00:00	8	1	10	2	f	2024-03-12
143	Build front-end for books and categories	2024-03-11 11:00:00+00	complete	2024-03-11 11:00:00+00	10:00:00	13:00:00	27	1	10	3	f	2024-03-11
146	Sort Sprint list in add task	2024-03-11 18:00:00+00	complete	2024-03-11 18:00:00+00	17:00:00	18:00:00	8	1	10	1	f	2024-03-11
144	Build Expense Tracker - part 2	2024-03-12 17:00:00+00	complete	2024-03-12 17:00:00+00	13:00:00	14:00:00	27	1	10	3	f	2024-03-11
190	Build multiple websites - part 2	2024-03-25 17:00:00+00	complete	2024-03-25 18:00:00+00	17:00:00	18:00:00	22	1	12	3	f	2024-03-24
176	MPLS L3 VPN with EIGRP & tshoot	2024-03-21 17:00:00+00	complete	\N	09:00:00	13:00:00	23	1	11	2	f	2024-03-18
136	Heaps - part 2	2024-03-16 17:00:00+00	notdone	\N	00:00:00	00:00:00	16	1	10	1	f	2024-03-11
198	MPLS L3VPN Route Reflection w/ IOS XR	2024-03-29 17:00:00+00	inprogress	\N	00:00:00	00:00:00	23	1	12	4	f	2024-03-24
137	Tries - part 1	2024-03-16 17:00:00+00	notdone	\N	00:00:00	00:00:00	16	1	10	1	f	2024-03-11
138	Tries - part 2	2024-03-16 17:00:00+00	notdone	\N	00:00:00	00:00:00	16	1	10	1	f	2024-03-11
178	MPLS L3 VPN with BGP	2024-03-21 17:00:00+00	complete	2024-03-21 21:00:00+00	19:00:00	21:00:00	23	1	11	2	f	2024-03-18
139	Week 2 - Test your skills	2024-03-14 17:00:00+00	complete	2024-03-14 17:00:00+00	09:00:00	10:00:00	26	1	10	3	f	2024-03-11
170	Async JS - module 1 part 1	2024-03-31 17:00:00+00	inprogress	\N	00:00:00	00:00:00	28	1	11	2	t	2024-03-18
172	Sprint Planning	2024-03-18 17:00:00+00	complete	2024-03-18 17:00:00+00	10:00:00	12:00:00	29	1	11	2	f	2024-03-18
142	Week 4 - Build a mobile app - part 1	2024-03-16 17:00:00+00	notdone	\N	00:00:00	00:00:00	26	1	10	3	f	2024-03-11
168	Week 3, building multi cloud CI/CD Pipeline - rework	2024-03-22 17:00:00+00	complete	2024-03-22 17:00:00+00	10:00:00	12:00:00	25	1	11	3	f	2024-03-18
141	Week 3 - Test your skills	2024-03-17 17:00:00+00	complete	2024-03-17 11:00:00+00	08:00:00	11:01:32	26	1	10	3	f	2024-03-11
140	Week 3 - Build a chrome extension	2024-03-16 17:00:00+00	complete	2024-03-17 17:00:00+00	10:00:00	11:00:00	26	1	10	3	f	2024-03-11
186	Visualising Data	2024-03-28 21:00:00+00	complete	2024-03-28 21:00:00+00	20:00:00	21:00:00	30	1	12	3	f	2024-03-24
184	Ansible Jinja2 overview, Basic YAML, Configuration with Ansible, Quiz	2024-03-27 17:00:00+00	complete	2024-03-27 17:00:00+00	10:00:00	11:00:00	18	1	12	3	f	2024-03-24
180	Week 3, Create AWS cloud dev-env - revision	2024-03-20 17:00:00+00	complete	2024-03-22 17:00:00+00	13:00:00	14:00:00	22	1	11	1	f	2024-03-18
166	Week 3, Create Azure cloud env - rework	2024-03-20 17:00:00+00	complete	2024-03-22 17:00:00+00	15:00:00	17:00:00	25	1	11	3	f	2024-03-18
162	Tries - part 2 - rework	2024-03-23 17:00:00+00	inprogress	\N	00:00:00	00:00:00	16	1	11	1	f	2024-03-17
174	MPLS L3 VPN with Static Routing	2024-03-21 17:00:00+00	complete	2024-03-20 14:00:00+00	09:00:00	12:00:00	23	1	11	2	f	2024-03-18
160	heaps - part 2 - rework	2024-03-23 17:00:00+00	notdone	\N	00:00:00	00:00:00	16	1	11	2	f	2024-03-17
188	Sprint Planning	2024-03-25 17:00:00+00	complete	2024-03-25 05:00:00+00	02:00:00	05:00:00	29	1	12	3	f	2024-03-24
196	L3VPN Central Services	2024-03-26 17:00:00+00	complete	2024-03-26 17:00:00+00	13:00:00	17:00:00	23	1	12	4	f	2024-03-24
194	Develop Continuous Pipelines, Final Quiz	2024-03-27 17:00:00+00	complete	2024-03-27 07:00:00+00	06:00:00	07:00:00	22	1	12	3	f	2024-03-24
192	What's DevOps	2024-03-26 17:00:00+00	complete	2024-03-26 17:00:00+00	16:00:00	17:00:00	22	1	12	3	f	2024-03-24
\.


--
-- Data for Name: userauth_customuser; Type: TABLE DATA; Schema: public; Owner: postgres
--

COPY public.userauth_customuser (id, password, last_login, is_superuser, username, first_name, last_name, email, is_staff, is_active, date_joined) FROM stdin;
2	pbkdf2_sha256$720000$p7utMMBQCRRAl9pCuDoHZq$/A408otaVwNESkMvDJamOqRq2H8suJj9ArF+lUM78sI=	2024-01-17 06:00:30.864567+00	f	bilal			bilal@gmail.com	f	t	2024-01-05 10:12:18.145799+00
1	pbkdf2_sha256$720000$V4jqipFNSvPTUwXyO98GSn$4egQ7TU5kyepuAj1fK8YA6Eh112i+LxTHFtgaVbpk6o=	2024-03-27 04:48:40.539946+00	t	sqadir			sqadir@gmail.com	t	t	2024-01-04 14:28:18.308513+00
3	pbkdf2_sha256$720000$KItRLJKPy3YPcT6oRFtmet$LvUeQZmXa0IAoiT9w3QTCBqTuw88N/zi7P1JhLVCUm0=	2024-01-09 13:16:56.393778+00	f	hamza			hamza@gmail.com	f	t	2024-01-08 03:26:02.371772+00
\.


--
-- Data for Name: userauth_customuser_groups; Type: TABLE DATA; Schema: public; Owner: postgres
--

COPY public.userauth_customuser_groups (id, customuser_id, group_id) FROM stdin;
\.


--
-- Data for Name: userauth_customuser_user_permissions; Type: TABLE DATA; Schema: public; Owner: postgres
--

COPY public.userauth_customuser_user_permissions (id, customuser_id, permission_id) FROM stdin;
\.


--
-- Name: account_emailaddress_id_seq; Type: SEQUENCE SET; Schema: public; Owner: postgres
--

SELECT pg_catalog.setval('public.account_emailaddress_id_seq', 2, true);


--
-- Name: account_emailconfirmation_id_seq; Type: SEQUENCE SET; Schema: public; Owner: postgres
--

SELECT pg_catalog.setval('public.account_emailconfirmation_id_seq', 1, false);


--
-- Name: auth_group_id_seq; Type: SEQUENCE SET; Schema: public; Owner: postgres
--

SELECT pg_catalog.setval('public.auth_group_id_seq', 1, false);


--
-- Name: auth_group_permissions_id_seq; Type: SEQUENCE SET; Schema: public; Owner: postgres
--

SELECT pg_catalog.setval('public.auth_group_permissions_id_seq', 1, false);


--
-- Name: auth_permission_id_seq; Type: SEQUENCE SET; Schema: public; Owner: postgres
--

SELECT pg_catalog.setval('public.auth_permission_id_seq', 60, true);


--
-- Name: django_admin_log_id_seq; Type: SEQUENCE SET; Schema: public; Owner: postgres
--

SELECT pg_catalog.setval('public.django_admin_log_id_seq', 6, true);


--
-- Name: django_content_type_id_seq; Type: SEQUENCE SET; Schema: public; Owner: postgres
--

SELECT pg_catalog.setval('public.django_content_type_id_seq', 15, true);


--
-- Name: django_migrations_id_seq; Type: SEQUENCE SET; Schema: public; Owner: postgres
--

SELECT pg_catalog.setval('public.django_migrations_id_seq', 44, true);


--
-- Name: django_site_id_seq; Type: SEQUENCE SET; Schema: public; Owner: postgres
--

SELECT pg_catalog.setval('public.django_site_id_seq', 1, true);


--
-- Name: track_goal_id_seq; Type: SEQUENCE SET; Schema: public; Owner: postgres
--

SELECT pg_catalog.setval('public.track_goal_id_seq', 28, true);


--
-- Name: track_objective_id_seq; Type: SEQUENCE SET; Schema: public; Owner: postgres
--

SELECT pg_catalog.setval('public.track_objective_id_seq', 30, true);


--
-- Name: track_sprint_id_seq; Type: SEQUENCE SET; Schema: public; Owner: postgres
--

SELECT pg_catalog.setval('public.track_sprint_id_seq', 12, true);


--
-- Name: track_task_id_seq; Type: SEQUENCE SET; Schema: public; Owner: postgres
--

SELECT pg_catalog.setval('public.track_task_id_seq', 202, true);


--
-- Name: userauth_customuser_groups_id_seq; Type: SEQUENCE SET; Schema: public; Owner: postgres
--

SELECT pg_catalog.setval('public.userauth_customuser_groups_id_seq', 1, false);


--
-- Name: userauth_customuser_id_seq; Type: SEQUENCE SET; Schema: public; Owner: postgres
--

SELECT pg_catalog.setval('public.userauth_customuser_id_seq', 3, true);


--
-- Name: userauth_customuser_user_permissions_id_seq; Type: SEQUENCE SET; Schema: public; Owner: postgres
--

SELECT pg_catalog.setval('public.userauth_customuser_user_permissions_id_seq', 1, false);


--
-- Name: account_emailaddress account_emailaddress_pkey; Type: CONSTRAINT; Schema: public; Owner: postgres
--

ALTER TABLE ONLY public.account_emailaddress
    ADD CONSTRAINT account_emailaddress_pkey PRIMARY KEY (id);


--
-- Name: account_emailaddress account_emailaddress_user_id_email_987c8728_uniq; Type: CONSTRAINT; Schema: public; Owner: postgres
--

ALTER TABLE ONLY public.account_emailaddress
    ADD CONSTRAINT account_emailaddress_user_id_email_987c8728_uniq UNIQUE (user_id, email);


--
-- Name: account_emailconfirmation account_emailconfirmation_key_key; Type: CONSTRAINT; Schema: public; Owner: postgres
--

ALTER TABLE ONLY public.account_emailconfirmation
    ADD CONSTRAINT account_emailconfirmation_key_key UNIQUE (key);


--
-- Name: account_emailconfirmation account_emailconfirmation_pkey; Type: CONSTRAINT; Schema: public; Owner: postgres
--

ALTER TABLE ONLY public.account_emailconfirmation
    ADD CONSTRAINT account_emailconfirmation_pkey PRIMARY KEY (id);


--
-- Name: auth_group auth_group_name_key; Type: CONSTRAINT; Schema: public; Owner: postgres
--

ALTER TABLE ONLY public.auth_group
    ADD CONSTRAINT auth_group_name_key UNIQUE (name);


--
-- Name: auth_group_permissions auth_group_permissions_group_id_permission_id_0cd325b0_uniq; Type: CONSTRAINT; Schema: public; Owner: postgres
--

ALTER TABLE ONLY public.auth_group_permissions
    ADD CONSTRAINT auth_group_permissions_group_id_permission_id_0cd325b0_uniq UNIQUE (group_id, permission_id);


--
-- Name: auth_group_permissions auth_group_permissions_pkey; Type: CONSTRAINT; Schema: public; Owner: postgres
--

ALTER TABLE ONLY public.auth_group_permissions
    ADD CONSTRAINT auth_group_permissions_pkey PRIMARY KEY (id);


--
-- Name: auth_group auth_group_pkey; Type: CONSTRAINT; Schema: public; Owner: postgres
--

ALTER TABLE ONLY public.auth_group
    ADD CONSTRAINT auth_group_pkey PRIMARY KEY (id);


--
-- Name: auth_permission auth_permission_content_type_id_codename_01ab375a_uniq; Type: CONSTRAINT; Schema: public; Owner: postgres
--

ALTER TABLE ONLY public.auth_permission
    ADD CONSTRAINT auth_permission_content_type_id_codename_01ab375a_uniq UNIQUE (content_type_id, codename);


--
-- Name: auth_permission auth_permission_pkey; Type: CONSTRAINT; Schema: public; Owner: postgres
--

ALTER TABLE ONLY public.auth_permission
    ADD CONSTRAINT auth_permission_pkey PRIMARY KEY (id);


--
-- Name: authtoken_token authtoken_token_pkey; Type: CONSTRAINT; Schema: public; Owner: postgres
--

ALTER TABLE ONLY public.authtoken_token
    ADD CONSTRAINT authtoken_token_pkey PRIMARY KEY (key);


--
-- Name: authtoken_token authtoken_token_user_id_key; Type: CONSTRAINT; Schema: public; Owner: postgres
--

ALTER TABLE ONLY public.authtoken_token
    ADD CONSTRAINT authtoken_token_user_id_key UNIQUE (user_id);


--
-- Name: django_admin_log django_admin_log_pkey; Type: CONSTRAINT; Schema: public; Owner: postgres
--

ALTER TABLE ONLY public.django_admin_log
    ADD CONSTRAINT django_admin_log_pkey PRIMARY KEY (id);


--
-- Name: django_content_type django_content_type_app_label_model_76bd3d3b_uniq; Type: CONSTRAINT; Schema: public; Owner: postgres
--

ALTER TABLE ONLY public.django_content_type
    ADD CONSTRAINT django_content_type_app_label_model_76bd3d3b_uniq UNIQUE (app_label, model);


--
-- Name: django_content_type django_content_type_pkey; Type: CONSTRAINT; Schema: public; Owner: postgres
--

ALTER TABLE ONLY public.django_content_type
    ADD CONSTRAINT django_content_type_pkey PRIMARY KEY (id);


--
-- Name: django_migrations django_migrations_pkey; Type: CONSTRAINT; Schema: public; Owner: postgres
--

ALTER TABLE ONLY public.django_migrations
    ADD CONSTRAINT django_migrations_pkey PRIMARY KEY (id);


--
-- Name: django_session django_session_pkey; Type: CONSTRAINT; Schema: public; Owner: postgres
--

ALTER TABLE ONLY public.django_session
    ADD CONSTRAINT django_session_pkey PRIMARY KEY (session_key);


--
-- Name: django_site django_site_domain_a2e37b91_uniq; Type: CONSTRAINT; Schema: public; Owner: postgres
--

ALTER TABLE ONLY public.django_site
    ADD CONSTRAINT django_site_domain_a2e37b91_uniq UNIQUE (domain);


--
-- Name: django_site django_site_pkey; Type: CONSTRAINT; Schema: public; Owner: postgres
--

ALTER TABLE ONLY public.django_site
    ADD CONSTRAINT django_site_pkey PRIMARY KEY (id);


--
-- Name: track_goal track_goal_pkey; Type: CONSTRAINT; Schema: public; Owner: postgres
--

ALTER TABLE ONLY public.track_goal
    ADD CONSTRAINT track_goal_pkey PRIMARY KEY (id);


--
-- Name: track_objective track_objective_pkey; Type: CONSTRAINT; Schema: public; Owner: postgres
--

ALTER TABLE ONLY public.track_objective
    ADD CONSTRAINT track_objective_pkey PRIMARY KEY (id);


--
-- Name: track_sprint track_sprint_pkey; Type: CONSTRAINT; Schema: public; Owner: postgres
--

ALTER TABLE ONLY public.track_sprint
    ADD CONSTRAINT track_sprint_pkey PRIMARY KEY (id);


--
-- Name: track_task track_task_pkey; Type: CONSTRAINT; Schema: public; Owner: postgres
--

ALTER TABLE ONLY public.track_task
    ADD CONSTRAINT track_task_pkey PRIMARY KEY (id);


--
-- Name: userauth_customuser_groups userauth_customuser_groups_customuser_id_group_id_8af8ea00_uniq; Type: CONSTRAINT; Schema: public; Owner: postgres
--

ALTER TABLE ONLY public.userauth_customuser_groups
    ADD CONSTRAINT userauth_customuser_groups_customuser_id_group_id_8af8ea00_uniq UNIQUE (customuser_id, group_id);


--
-- Name: userauth_customuser_groups userauth_customuser_groups_pkey; Type: CONSTRAINT; Schema: public; Owner: postgres
--

ALTER TABLE ONLY public.userauth_customuser_groups
    ADD CONSTRAINT userauth_customuser_groups_pkey PRIMARY KEY (id);


--
-- Name: userauth_customuser userauth_customuser_pkey; Type: CONSTRAINT; Schema: public; Owner: postgres
--

ALTER TABLE ONLY public.userauth_customuser
    ADD CONSTRAINT userauth_customuser_pkey PRIMARY KEY (id);


--
-- Name: userauth_customuser_user_permissions userauth_customuser_user_customuser_id_permission_1988cb5a_uniq; Type: CONSTRAINT; Schema: public; Owner: postgres
--

ALTER TABLE ONLY public.userauth_customuser_user_permissions
    ADD CONSTRAINT userauth_customuser_user_customuser_id_permission_1988cb5a_uniq UNIQUE (customuser_id, permission_id);


--
-- Name: userauth_customuser_user_permissions userauth_customuser_user_permissions_pkey; Type: CONSTRAINT; Schema: public; Owner: postgres
--

ALTER TABLE ONLY public.userauth_customuser_user_permissions
    ADD CONSTRAINT userauth_customuser_user_permissions_pkey PRIMARY KEY (id);


--
-- Name: userauth_customuser userauth_customuser_username_key; Type: CONSTRAINT; Schema: public; Owner: postgres
--

ALTER TABLE ONLY public.userauth_customuser
    ADD CONSTRAINT userauth_customuser_username_key UNIQUE (username);


--
-- Name: account_emailaddress_upper; Type: INDEX; Schema: public; Owner: postgres
--

CREATE INDEX account_emailaddress_upper ON public.account_emailaddress USING btree (upper((email)::text));


--
-- Name: account_emailaddress_user_id_2c513194; Type: INDEX; Schema: public; Owner: postgres
--

CREATE INDEX account_emailaddress_user_id_2c513194 ON public.account_emailaddress USING btree (user_id);


--
-- Name: account_emailconfirmation_email_address_id_5b7f8c58; Type: INDEX; Schema: public; Owner: postgres
--

CREATE INDEX account_emailconfirmation_email_address_id_5b7f8c58 ON public.account_emailconfirmation USING btree (email_address_id);


--
-- Name: account_emailconfirmation_key_f43612bd_like; Type: INDEX; Schema: public; Owner: postgres
--

CREATE INDEX account_emailconfirmation_key_f43612bd_like ON public.account_emailconfirmation USING btree (key varchar_pattern_ops);


--
-- Name: auth_group_name_a6ea08ec_like; Type: INDEX; Schema: public; Owner: postgres
--

CREATE INDEX auth_group_name_a6ea08ec_like ON public.auth_group USING btree (name varchar_pattern_ops);


--
-- Name: auth_group_permissions_group_id_b120cbf9; Type: INDEX; Schema: public; Owner: postgres
--

CREATE INDEX auth_group_permissions_group_id_b120cbf9 ON public.auth_group_permissions USING btree (group_id);


--
-- Name: auth_group_permissions_permission_id_84c5c92e; Type: INDEX; Schema: public; Owner: postgres
--

CREATE INDEX auth_group_permissions_permission_id_84c5c92e ON public.auth_group_permissions USING btree (permission_id);


--
-- Name: auth_permission_content_type_id_2f476e4b; Type: INDEX; Schema: public; Owner: postgres
--

CREATE INDEX auth_permission_content_type_id_2f476e4b ON public.auth_permission USING btree (content_type_id);


--
-- Name: authtoken_token_key_10f0b77e_like; Type: INDEX; Schema: public; Owner: postgres
--

CREATE INDEX authtoken_token_key_10f0b77e_like ON public.authtoken_token USING btree (key varchar_pattern_ops);


--
-- Name: django_admin_log_content_type_id_c4bce8eb; Type: INDEX; Schema: public; Owner: postgres
--

CREATE INDEX django_admin_log_content_type_id_c4bce8eb ON public.django_admin_log USING btree (content_type_id);


--
-- Name: django_admin_log_user_id_c564eba6; Type: INDEX; Schema: public; Owner: postgres
--

CREATE INDEX django_admin_log_user_id_c564eba6 ON public.django_admin_log USING btree (user_id);


--
-- Name: django_session_expire_date_a5c62663; Type: INDEX; Schema: public; Owner: postgres
--

CREATE INDEX django_session_expire_date_a5c62663 ON public.django_session USING btree (expire_date);


--
-- Name: django_session_session_key_c0390e0f_like; Type: INDEX; Schema: public; Owner: postgres
--

CREATE INDEX django_session_session_key_c0390e0f_like ON public.django_session USING btree (session_key varchar_pattern_ops);


--
-- Name: django_site_domain_a2e37b91_like; Type: INDEX; Schema: public; Owner: postgres
--

CREATE INDEX django_site_domain_a2e37b91_like ON public.django_site USING btree (domain varchar_pattern_ops);


--
-- Name: track_goal_owner_id_e3bb29e9; Type: INDEX; Schema: public; Owner: postgres
--

CREATE INDEX track_goal_owner_id_e3bb29e9 ON public.track_goal USING btree (owner_id);


--
-- Name: track_objective_goal_id_1ca4b86f; Type: INDEX; Schema: public; Owner: postgres
--

CREATE INDEX track_objective_goal_id_1ca4b86f ON public.track_objective USING btree (goal_id);


--
-- Name: track_objective_owner_id_09b427f9; Type: INDEX; Schema: public; Owner: postgres
--

CREATE INDEX track_objective_owner_id_09b427f9 ON public.track_objective USING btree (owner_id);


--
-- Name: track_sprint_owner_id_8aa4f68c; Type: INDEX; Schema: public; Owner: postgres
--

CREATE INDEX track_sprint_owner_id_8aa4f68c ON public.track_sprint USING btree (owner_id);


--
-- Name: track_task_objective_id_f9f6a530; Type: INDEX; Schema: public; Owner: postgres
--

CREATE INDEX track_task_objective_id_f9f6a530 ON public.track_task USING btree (objective_id);


--
-- Name: track_task_owner_id_a80dc8fb; Type: INDEX; Schema: public; Owner: postgres
--

CREATE INDEX track_task_owner_id_a80dc8fb ON public.track_task USING btree (owner_id);


--
-- Name: track_task_sprint_id_a77fb3d0; Type: INDEX; Schema: public; Owner: postgres
--

CREATE INDEX track_task_sprint_id_a77fb3d0 ON public.track_task USING btree (sprint_id);


--
-- Name: unique_verified_email; Type: INDEX; Schema: public; Owner: postgres
--

CREATE UNIQUE INDEX unique_verified_email ON public.account_emailaddress USING btree (email) WHERE verified;


--
-- Name: userauth_customuser_groups_customuser_id_56afbfb4; Type: INDEX; Schema: public; Owner: postgres
--

CREATE INDEX userauth_customuser_groups_customuser_id_56afbfb4 ON public.userauth_customuser_groups USING btree (customuser_id);


--
-- Name: userauth_customuser_groups_group_id_f4f3f0f1; Type: INDEX; Schema: public; Owner: postgres
--

CREATE INDEX userauth_customuser_groups_group_id_f4f3f0f1 ON public.userauth_customuser_groups USING btree (group_id);


--
-- Name: userauth_customuser_user_permissions_customuser_id_f40c716f; Type: INDEX; Schema: public; Owner: postgres
--

CREATE INDEX userauth_customuser_user_permissions_customuser_id_f40c716f ON public.userauth_customuser_user_permissions USING btree (customuser_id);


--
-- Name: userauth_customuser_user_permissions_permission_id_1d4f13c4; Type: INDEX; Schema: public; Owner: postgres
--

CREATE INDEX userauth_customuser_user_permissions_permission_id_1d4f13c4 ON public.userauth_customuser_user_permissions USING btree (permission_id);


--
-- Name: userauth_customuser_username_b3ca4138_like; Type: INDEX; Schema: public; Owner: postgres
--

CREATE INDEX userauth_customuser_username_b3ca4138_like ON public.userauth_customuser USING btree (username varchar_pattern_ops);


--
-- Name: account_emailaddress account_emailaddress_user_id_2c513194_fk_userauth_customuser_id; Type: FK CONSTRAINT; Schema: public; Owner: postgres
--

ALTER TABLE ONLY public.account_emailaddress
    ADD CONSTRAINT account_emailaddress_user_id_2c513194_fk_userauth_customuser_id FOREIGN KEY (user_id) REFERENCES public.userauth_customuser(id) DEFERRABLE INITIALLY DEFERRED;


--
-- Name: account_emailconfirmation account_emailconfirm_email_address_id_5b7f8c58_fk_account_e; Type: FK CONSTRAINT; Schema: public; Owner: postgres
--

ALTER TABLE ONLY public.account_emailconfirmation
    ADD CONSTRAINT account_emailconfirm_email_address_id_5b7f8c58_fk_account_e FOREIGN KEY (email_address_id) REFERENCES public.account_emailaddress(id) DEFERRABLE INITIALLY DEFERRED;


--
-- Name: auth_group_permissions auth_group_permissio_permission_id_84c5c92e_fk_auth_perm; Type: FK CONSTRAINT; Schema: public; Owner: postgres
--

ALTER TABLE ONLY public.auth_group_permissions
    ADD CONSTRAINT auth_group_permissio_permission_id_84c5c92e_fk_auth_perm FOREIGN KEY (permission_id) REFERENCES public.auth_permission(id) DEFERRABLE INITIALLY DEFERRED;


--
-- Name: auth_group_permissions auth_group_permissions_group_id_b120cbf9_fk_auth_group_id; Type: FK CONSTRAINT; Schema: public; Owner: postgres
--

ALTER TABLE ONLY public.auth_group_permissions
    ADD CONSTRAINT auth_group_permissions_group_id_b120cbf9_fk_auth_group_id FOREIGN KEY (group_id) REFERENCES public.auth_group(id) DEFERRABLE INITIALLY DEFERRED;


--
-- Name: auth_permission auth_permission_content_type_id_2f476e4b_fk_django_co; Type: FK CONSTRAINT; Schema: public; Owner: postgres
--

ALTER TABLE ONLY public.auth_permission
    ADD CONSTRAINT auth_permission_content_type_id_2f476e4b_fk_django_co FOREIGN KEY (content_type_id) REFERENCES public.django_content_type(id) DEFERRABLE INITIALLY DEFERRED;


--
-- Name: authtoken_token authtoken_token_user_id_35299eff_fk_userauth_customuser_id; Type: FK CONSTRAINT; Schema: public; Owner: postgres
--

ALTER TABLE ONLY public.authtoken_token
    ADD CONSTRAINT authtoken_token_user_id_35299eff_fk_userauth_customuser_id FOREIGN KEY (user_id) REFERENCES public.userauth_customuser(id) DEFERRABLE INITIALLY DEFERRED;


--
-- Name: django_admin_log django_admin_log_content_type_id_c4bce8eb_fk_django_co; Type: FK CONSTRAINT; Schema: public; Owner: postgres
--

ALTER TABLE ONLY public.django_admin_log
    ADD CONSTRAINT django_admin_log_content_type_id_c4bce8eb_fk_django_co FOREIGN KEY (content_type_id) REFERENCES public.django_content_type(id) DEFERRABLE INITIALLY DEFERRED;


--
-- Name: django_admin_log django_admin_log_user_id_c564eba6_fk_userauth_customuser_id; Type: FK CONSTRAINT; Schema: public; Owner: postgres
--

ALTER TABLE ONLY public.django_admin_log
    ADD CONSTRAINT django_admin_log_user_id_c564eba6_fk_userauth_customuser_id FOREIGN KEY (user_id) REFERENCES public.userauth_customuser(id) DEFERRABLE INITIALLY DEFERRED;


--
-- Name: track_goal track_goal_owner_id_e3bb29e9_fk_userauth_customuser_id; Type: FK CONSTRAINT; Schema: public; Owner: postgres
--

ALTER TABLE ONLY public.track_goal
    ADD CONSTRAINT track_goal_owner_id_e3bb29e9_fk_userauth_customuser_id FOREIGN KEY (owner_id) REFERENCES public.userauth_customuser(id) DEFERRABLE INITIALLY DEFERRED;


--
-- Name: track_objective track_objective_goal_id_1ca4b86f_fk_track_goal_id; Type: FK CONSTRAINT; Schema: public; Owner: postgres
--

ALTER TABLE ONLY public.track_objective
    ADD CONSTRAINT track_objective_goal_id_1ca4b86f_fk_track_goal_id FOREIGN KEY (goal_id) REFERENCES public.track_goal(id) DEFERRABLE INITIALLY DEFERRED;


--
-- Name: track_objective track_objective_owner_id_09b427f9_fk_userauth_customuser_id; Type: FK CONSTRAINT; Schema: public; Owner: postgres
--

ALTER TABLE ONLY public.track_objective
    ADD CONSTRAINT track_objective_owner_id_09b427f9_fk_userauth_customuser_id FOREIGN KEY (owner_id) REFERENCES public.userauth_customuser(id) DEFERRABLE INITIALLY DEFERRED;


--
-- Name: track_sprint track_sprint_owner_id_8aa4f68c_fk_userauth_customuser_id; Type: FK CONSTRAINT; Schema: public; Owner: postgres
--

ALTER TABLE ONLY public.track_sprint
    ADD CONSTRAINT track_sprint_owner_id_8aa4f68c_fk_userauth_customuser_id FOREIGN KEY (owner_id) REFERENCES public.userauth_customuser(id) DEFERRABLE INITIALLY DEFERRED;


--
-- Name: track_task track_task_objective_id_f9f6a530_fk_track_objective_id; Type: FK CONSTRAINT; Schema: public; Owner: postgres
--

ALTER TABLE ONLY public.track_task
    ADD CONSTRAINT track_task_objective_id_f9f6a530_fk_track_objective_id FOREIGN KEY (objective_id) REFERENCES public.track_objective(id) DEFERRABLE INITIALLY DEFERRED;


--
-- Name: track_task track_task_owner_id_a80dc8fb_fk_userauth_customuser_id; Type: FK CONSTRAINT; Schema: public; Owner: postgres
--

ALTER TABLE ONLY public.track_task
    ADD CONSTRAINT track_task_owner_id_a80dc8fb_fk_userauth_customuser_id FOREIGN KEY (owner_id) REFERENCES public.userauth_customuser(id) DEFERRABLE INITIALLY DEFERRED;


--
-- Name: track_task track_task_sprint_id_a77fb3d0_fk_track_sprint_id; Type: FK CONSTRAINT; Schema: public; Owner: postgres
--

ALTER TABLE ONLY public.track_task
    ADD CONSTRAINT track_task_sprint_id_a77fb3d0_fk_track_sprint_id FOREIGN KEY (sprint_id) REFERENCES public.track_sprint(id) DEFERRABLE INITIALLY DEFERRED;


--
-- Name: userauth_customuser_groups userauth_customuser__customuser_id_56afbfb4_fk_userauth_; Type: FK CONSTRAINT; Schema: public; Owner: postgres
--

ALTER TABLE ONLY public.userauth_customuser_groups
    ADD CONSTRAINT userauth_customuser__customuser_id_56afbfb4_fk_userauth_ FOREIGN KEY (customuser_id) REFERENCES public.userauth_customuser(id) DEFERRABLE INITIALLY DEFERRED;


--
-- Name: userauth_customuser_user_permissions userauth_customuser__customuser_id_f40c716f_fk_userauth_; Type: FK CONSTRAINT; Schema: public; Owner: postgres
--

ALTER TABLE ONLY public.userauth_customuser_user_permissions
    ADD CONSTRAINT userauth_customuser__customuser_id_f40c716f_fk_userauth_ FOREIGN KEY (customuser_id) REFERENCES public.userauth_customuser(id) DEFERRABLE INITIALLY DEFERRED;


--
-- Name: userauth_customuser_user_permissions userauth_customuser__permission_id_1d4f13c4_fk_auth_perm; Type: FK CONSTRAINT; Schema: public; Owner: postgres
--

ALTER TABLE ONLY public.userauth_customuser_user_permissions
    ADD CONSTRAINT userauth_customuser__permission_id_1d4f13c4_fk_auth_perm FOREIGN KEY (permission_id) REFERENCES public.auth_permission(id) DEFERRABLE INITIALLY DEFERRED;


--
-- Name: userauth_customuser_groups userauth_customuser_groups_group_id_f4f3f0f1_fk_auth_group_id; Type: FK CONSTRAINT; Schema: public; Owner: postgres
--

ALTER TABLE ONLY public.userauth_customuser_groups
    ADD CONSTRAINT userauth_customuser_groups_group_id_f4f3f0f1_fk_auth_group_id FOREIGN KEY (group_id) REFERENCES public.auth_group(id) DEFERRABLE INITIALLY DEFERRED;


--
-- PostgreSQL database dump complete
--

