--
-- PostgreSQL database cluster dump
--

SET default_transaction_read_only = off;

SET client_encoding = 'UTF8';
SET standard_conforming_strings = on;

--
-- Drop databases (except postgres and template1)
--

DROP DATABASE db;




--
-- Drop roles
--

DROP ROLE postgres;


--
-- Roles
--

CREATE ROLE postgres;
ALTER ROLE postgres WITH SUPERUSER INHERIT CREATEROLE CREATEDB LOGIN REPLICATION BYPASSRLS PASSWORD 'md53175bce1d3201d16594cebf9d7eb3f9d';






--
-- Databases
--

--
-- Database "template1" dump
--

--
-- PostgreSQL database dump
--

-- Dumped from database version 13.19 (Debian 13.19-1.pgdg120+1)
-- Dumped by pg_dump version 13.19 (Debian 13.19-1.pgdg120+1)

SET statement_timeout = 0;
SET lock_timeout = 0;
SET idle_in_transaction_session_timeout = 0;
SET client_encoding = 'UTF8';
SET standard_conforming_strings = on;
SELECT pg_catalog.set_config('search_path', '', false);
SET check_function_bodies = false;
SET xmloption = content;
SET client_min_messages = warning;
SET row_security = off;

UPDATE pg_catalog.pg_database SET datistemplate = false WHERE datname = 'template1';
DROP DATABASE template1;
--
-- Name: template1; Type: DATABASE; Schema: -; Owner: postgres
--

CREATE DATABASE template1 WITH TEMPLATE = template0 ENCODING = 'UTF8' LOCALE = 'en_US.utf8';


ALTER DATABASE template1 OWNER TO postgres;

\connect template1

SET statement_timeout = 0;
SET lock_timeout = 0;
SET idle_in_transaction_session_timeout = 0;
SET client_encoding = 'UTF8';
SET standard_conforming_strings = on;
SELECT pg_catalog.set_config('search_path', '', false);
SET check_function_bodies = false;
SET xmloption = content;
SET client_min_messages = warning;
SET row_security = off;

--
-- Name: DATABASE template1; Type: COMMENT; Schema: -; Owner: postgres
--

COMMENT ON DATABASE template1 IS 'default template for new databases';


--
-- Name: template1; Type: DATABASE PROPERTIES; Schema: -; Owner: postgres
--

ALTER DATABASE template1 IS_TEMPLATE = true;


\connect template1

SET statement_timeout = 0;
SET lock_timeout = 0;
SET idle_in_transaction_session_timeout = 0;
SET client_encoding = 'UTF8';
SET standard_conforming_strings = on;
SELECT pg_catalog.set_config('search_path', '', false);
SET check_function_bodies = false;
SET xmloption = content;
SET client_min_messages = warning;
SET row_security = off;

--
-- Name: DATABASE template1; Type: ACL; Schema: -; Owner: postgres
--

REVOKE CONNECT,TEMPORARY ON DATABASE template1 FROM PUBLIC;
GRANT CONNECT ON DATABASE template1 TO PUBLIC;


--
-- PostgreSQL database dump complete
--

--
-- Database "db" dump
--

--
-- PostgreSQL database dump
--

-- Dumped from database version 13.19 (Debian 13.19-1.pgdg120+1)
-- Dumped by pg_dump version 13.19 (Debian 13.19-1.pgdg120+1)

SET statement_timeout = 0;
SET lock_timeout = 0;
SET idle_in_transaction_session_timeout = 0;
SET client_encoding = 'UTF8';
SET standard_conforming_strings = on;
SELECT pg_catalog.set_config('search_path', '', false);
SET check_function_bodies = false;
SET xmloption = content;
SET client_min_messages = warning;
SET row_security = off;

--
-- Name: db; Type: DATABASE; Schema: -; Owner: postgres
--

CREATE DATABASE db WITH TEMPLATE = template0 ENCODING = 'UTF8' LOCALE = 'en_US.utf8';


ALTER DATABASE db OWNER TO postgres;

\connect db

SET statement_timeout = 0;
SET lock_timeout = 0;
SET idle_in_transaction_session_timeout = 0;
SET client_encoding = 'UTF8';
SET standard_conforming_strings = on;
SELECT pg_catalog.set_config('search_path', '', false);
SET check_function_bodies = false;
SET xmloption = content;
SET client_min_messages = warning;
SET row_security = off;

SET default_tablespace = '';

SET default_table_access_method = heap;

--
-- Name: account_emailaddress; Type: TABLE; Schema: public; Owner: postgres
--

CREATE TABLE public.account_emailaddress (
    id integer NOT NULL,
    email character varying(254) NOT NULL,
    verified boolean NOT NULL,
    "primary" boolean NOT NULL,
    user_id bigint NOT NULL
);


ALTER TABLE public.account_emailaddress OWNER TO postgres;

--
-- Name: account_emailaddress_id_seq; Type: SEQUENCE; Schema: public; Owner: postgres
--

ALTER TABLE public.account_emailaddress ALTER COLUMN id ADD GENERATED BY DEFAULT AS IDENTITY (
    SEQUENCE NAME public.account_emailaddress_id_seq
    START WITH 1
    INCREMENT BY 1
    NO MINVALUE
    NO MAXVALUE
    CACHE 1
);


--
-- Name: account_emailconfirmation; Type: TABLE; Schema: public; Owner: postgres
--

CREATE TABLE public.account_emailconfirmation (
    id integer NOT NULL,
    created timestamp with time zone NOT NULL,
    sent timestamp with time zone,
    key character varying(64) NOT NULL,
    email_address_id integer NOT NULL
);


ALTER TABLE public.account_emailconfirmation OWNER TO postgres;

--
-- Name: account_emailconfirmation_id_seq; Type: SEQUENCE; Schema: public; Owner: postgres
--

ALTER TABLE public.account_emailconfirmation ALTER COLUMN id ADD GENERATED BY DEFAULT AS IDENTITY (
    SEQUENCE NAME public.account_emailconfirmation_id_seq
    START WITH 1
    INCREMENT BY 1
    NO MINVALUE
    NO MAXVALUE
    CACHE 1
);


--
-- Name: auth_group; Type: TABLE; Schema: public; Owner: postgres
--

CREATE TABLE public.auth_group (
    id integer NOT NULL,
    name character varying(150) NOT NULL
);


ALTER TABLE public.auth_group OWNER TO postgres;

--
-- Name: auth_group_id_seq; Type: SEQUENCE; Schema: public; Owner: postgres
--

ALTER TABLE public.auth_group ALTER COLUMN id ADD GENERATED BY DEFAULT AS IDENTITY (
    SEQUENCE NAME public.auth_group_id_seq
    START WITH 1
    INCREMENT BY 1
    NO MINVALUE
    NO MAXVALUE
    CACHE 1
);


--
-- Name: auth_group_permissions; Type: TABLE; Schema: public; Owner: postgres
--

CREATE TABLE public.auth_group_permissions (
    id bigint NOT NULL,
    group_id integer NOT NULL,
    permission_id integer NOT NULL
);


ALTER TABLE public.auth_group_permissions OWNER TO postgres;

--
-- Name: auth_group_permissions_id_seq; Type: SEQUENCE; Schema: public; Owner: postgres
--

ALTER TABLE public.auth_group_permissions ALTER COLUMN id ADD GENERATED BY DEFAULT AS IDENTITY (
    SEQUENCE NAME public.auth_group_permissions_id_seq
    START WITH 1
    INCREMENT BY 1
    NO MINVALUE
    NO MAXVALUE
    CACHE 1
);


--
-- Name: auth_permission; Type: TABLE; Schema: public; Owner: postgres
--

CREATE TABLE public.auth_permission (
    id integer NOT NULL,
    name character varying(255) NOT NULL,
    content_type_id integer NOT NULL,
    codename character varying(100) NOT NULL
);


ALTER TABLE public.auth_permission OWNER TO postgres;

--
-- Name: auth_permission_id_seq; Type: SEQUENCE; Schema: public; Owner: postgres
--

ALTER TABLE public.auth_permission ALTER COLUMN id ADD GENERATED BY DEFAULT AS IDENTITY (
    SEQUENCE NAME public.auth_permission_id_seq
    START WITH 1
    INCREMENT BY 1
    NO MINVALUE
    NO MAXVALUE
    CACHE 1
);


--
-- Name: authtoken_token; Type: TABLE; Schema: public; Owner: postgres
--

CREATE TABLE public.authtoken_token (
    key character varying(40) NOT NULL,
    created timestamp with time zone NOT NULL,
    user_id bigint NOT NULL
);


ALTER TABLE public.authtoken_token OWNER TO postgres;

--
-- Name: django_admin_log; Type: TABLE; Schema: public; Owner: postgres
--

CREATE TABLE public.django_admin_log (
    id integer NOT NULL,
    action_time timestamp with time zone NOT NULL,
    object_id text,
    object_repr character varying(200) NOT NULL,
    action_flag smallint NOT NULL,
    change_message text NOT NULL,
    content_type_id integer,
    user_id bigint NOT NULL,
    CONSTRAINT django_admin_log_action_flag_check CHECK ((action_flag >= 0))
);


ALTER TABLE public.django_admin_log OWNER TO postgres;

--
-- Name: django_admin_log_id_seq; Type: SEQUENCE; Schema: public; Owner: postgres
--

ALTER TABLE public.django_admin_log ALTER COLUMN id ADD GENERATED BY DEFAULT AS IDENTITY (
    SEQUENCE NAME public.django_admin_log_id_seq
    START WITH 1
    INCREMENT BY 1
    NO MINVALUE
    NO MAXVALUE
    CACHE 1
);


--
-- Name: django_content_type; Type: TABLE; Schema: public; Owner: postgres
--

CREATE TABLE public.django_content_type (
    id integer NOT NULL,
    app_label character varying(100) NOT NULL,
    model character varying(100) NOT NULL
);


ALTER TABLE public.django_content_type OWNER TO postgres;

--
-- Name: django_content_type_id_seq; Type: SEQUENCE; Schema: public; Owner: postgres
--

ALTER TABLE public.django_content_type ALTER COLUMN id ADD GENERATED BY DEFAULT AS IDENTITY (
    SEQUENCE NAME public.django_content_type_id_seq
    START WITH 1
    INCREMENT BY 1
    NO MINVALUE
    NO MAXVALUE
    CACHE 1
);


--
-- Name: django_migrations; Type: TABLE; Schema: public; Owner: postgres
--

CREATE TABLE public.django_migrations (
    id bigint NOT NULL,
    app character varying(255) NOT NULL,
    name character varying(255) NOT NULL,
    applied timestamp with time zone NOT NULL
);


ALTER TABLE public.django_migrations OWNER TO postgres;

--
-- Name: django_migrations_id_seq; Type: SEQUENCE; Schema: public; Owner: postgres
--

ALTER TABLE public.django_migrations ALTER COLUMN id ADD GENERATED BY DEFAULT AS IDENTITY (
    SEQUENCE NAME public.django_migrations_id_seq
    START WITH 1
    INCREMENT BY 1
    NO MINVALUE
    NO MAXVALUE
    CACHE 1
);


--
-- Name: django_session; Type: TABLE; Schema: public; Owner: postgres
--

CREATE TABLE public.django_session (
    session_key character varying(40) NOT NULL,
    session_data text NOT NULL,
    expire_date timestamp with time zone NOT NULL
);


ALTER TABLE public.django_session OWNER TO postgres;

--
-- Name: django_site; Type: TABLE; Schema: public; Owner: postgres
--

CREATE TABLE public.django_site (
    id integer NOT NULL,
    domain character varying(100) NOT NULL,
    name character varying(50) NOT NULL
);


ALTER TABLE public.django_site OWNER TO postgres;

--
-- Name: django_site_id_seq; Type: SEQUENCE; Schema: public; Owner: postgres
--

ALTER TABLE public.django_site ALTER COLUMN id ADD GENERATED BY DEFAULT AS IDENTITY (
    SEQUENCE NAME public.django_site_id_seq
    START WITH 1
    INCREMENT BY 1
    NO MINVALUE
    NO MAXVALUE
    CACHE 1
);


--
-- Name: timetable_timetable; Type: TABLE; Schema: public; Owner: postgres
--

CREATE TABLE public.timetable_timetable (
    id bigint NOT NULL,
    description character varying,
    valid_from date NOT NULL,
    valid_until date NOT NULL,
    comments character varying(1000),
    owner_id bigint
);


ALTER TABLE public.timetable_timetable OWNER TO postgres;

--
-- Name: timetable_timetable_id_seq; Type: SEQUENCE; Schema: public; Owner: postgres
--

ALTER TABLE public.timetable_timetable ALTER COLUMN id ADD GENERATED BY DEFAULT AS IDENTITY (
    SEQUENCE NAME public.timetable_timetable_id_seq
    START WITH 1
    INCREMENT BY 1
    NO MINVALUE
    NO MAXVALUE
    CACHE 1
);


--
-- Name: timetable_timetabletask; Type: TABLE; Schema: public; Owner: postgres
--

CREATE TABLE public.timetable_timetabletask (
    id bigint NOT NULL,
    start_time time without time zone NOT NULL,
    end_time time without time zone NOT NULL,
    description character varying(1000) NOT NULL,
    comments character varying(1000),
    owner_id bigint,
    timetable_id bigint NOT NULL
);


ALTER TABLE public.timetable_timetabletask OWNER TO postgres;

--
-- Name: timetable_timetabletask_id_seq; Type: SEQUENCE; Schema: public; Owner: postgres
--

ALTER TABLE public.timetable_timetabletask ALTER COLUMN id ADD GENERATED BY DEFAULT AS IDENTITY (
    SEQUENCE NAME public.timetable_timetabletask_id_seq
    START WITH 1
    INCREMENT BY 1
    NO MINVALUE
    NO MAXVALUE
    CACHE 1
);


--
-- Name: track_goal; Type: TABLE; Schema: public; Owner: postgres
--

CREATE TABLE public.track_goal (
    id bigint NOT NULL,
    description character varying(255) NOT NULL,
    status character varying(100) NOT NULL,
    target_date date NOT NULL,
    owner_id bigint
);


ALTER TABLE public.track_goal OWNER TO postgres;

--
-- Name: track_goal_id_seq; Type: SEQUENCE; Schema: public; Owner: postgres
--

ALTER TABLE public.track_goal ALTER COLUMN id ADD GENERATED BY DEFAULT AS IDENTITY (
    SEQUENCE NAME public.track_goal_id_seq
    START WITH 1
    INCREMENT BY 1
    NO MINVALUE
    NO MAXVALUE
    CACHE 1
);


--
-- Name: track_objective; Type: TABLE; Schema: public; Owner: postgres
--

CREATE TABLE public.track_objective (
    id bigint NOT NULL,
    description character varying(255) NOT NULL,
    category character varying(100),
    due_date date NOT NULL,
    completion_date date,
    effort_hours double precision NOT NULL,
    effort_hours_left double precision NOT NULL,
    status character varying(100) NOT NULL,
    progress integer NOT NULL,
    goal_id bigint,
    owner_id bigint,
    CONSTRAINT track_objective_progress_check CHECK ((progress >= 0))
);


ALTER TABLE public.track_objective OWNER TO postgres;

--
-- Name: track_objective_id_seq; Type: SEQUENCE; Schema: public; Owner: postgres
--

ALTER TABLE public.track_objective ALTER COLUMN id ADD GENERATED BY DEFAULT AS IDENTITY (
    SEQUENCE NAME public.track_objective_id_seq
    START WITH 1
    INCREMENT BY 1
    NO MINVALUE
    NO MAXVALUE
    CACHE 1
);


--
-- Name: track_sprint; Type: TABLE; Schema: public; Owner: postgres
--

CREATE TABLE public.track_sprint (
    id bigint NOT NULL,
    title character varying(100) NOT NULL,
    description text,
    start_date date NOT NULL,
    end_date date,
    status character varying(100) NOT NULL,
    comments text,
    owner_id bigint
);


ALTER TABLE public.track_sprint OWNER TO postgres;

--
-- Name: track_sprint_id_seq; Type: SEQUENCE; Schema: public; Owner: postgres
--

ALTER TABLE public.track_sprint ALTER COLUMN id ADD GENERATED BY DEFAULT AS IDENTITY (
    SEQUENCE NAME public.track_sprint_id_seq
    START WITH 1
    INCREMENT BY 1
    NO MINVALUE
    NO MAXVALUE
    CACHE 1
);


--
-- Name: track_task; Type: TABLE; Schema: public; Owner: postgres
--

CREATE TABLE public.track_task (
    id bigint NOT NULL,
    title character varying(255) NOT NULL,
    due_date timestamp with time zone,
    status character varying(100) NOT NULL,
    date_completed timestamp with time zone,
    start_time time without time zone NOT NULL,
    end_time time without time zone NOT NULL,
    effort_hours integer,
    backlog boolean,
    date_added date,
    objective_id bigint,
    owner_id bigint,
    sprint_id bigint,
    CONSTRAINT track_task_effort_hours_check CHECK ((effort_hours >= 0))
);


ALTER TABLE public.track_task OWNER TO postgres;

--
-- Name: track_task_id_seq; Type: SEQUENCE; Schema: public; Owner: postgres
--

ALTER TABLE public.track_task ALTER COLUMN id ADD GENERATED BY DEFAULT AS IDENTITY (
    SEQUENCE NAME public.track_task_id_seq
    START WITH 1
    INCREMENT BY 1
    NO MINVALUE
    NO MAXVALUE
    CACHE 1
);


--
-- Name: userauth_customuser; Type: TABLE; Schema: public; Owner: postgres
--

CREATE TABLE public.userauth_customuser (
    id bigint NOT NULL,
    password character varying(128) NOT NULL,
    last_login timestamp with time zone,
    is_superuser boolean NOT NULL,
    username character varying(150) NOT NULL,
    first_name character varying(150) NOT NULL,
    last_name character varying(150) NOT NULL,
    email character varying(254) NOT NULL,
    is_staff boolean NOT NULL,
    is_active boolean NOT NULL,
    date_joined timestamp with time zone NOT NULL
);


ALTER TABLE public.userauth_customuser OWNER TO postgres;

--
-- Name: userauth_customuser_groups; Type: TABLE; Schema: public; Owner: postgres
--

CREATE TABLE public.userauth_customuser_groups (
    id bigint NOT NULL,
    customuser_id bigint NOT NULL,
    group_id integer NOT NULL
);


ALTER TABLE public.userauth_customuser_groups OWNER TO postgres;

--
-- Name: userauth_customuser_groups_id_seq; Type: SEQUENCE; Schema: public; Owner: postgres
--

ALTER TABLE public.userauth_customuser_groups ALTER COLUMN id ADD GENERATED BY DEFAULT AS IDENTITY (
    SEQUENCE NAME public.userauth_customuser_groups_id_seq
    START WITH 1
    INCREMENT BY 1
    NO MINVALUE
    NO MAXVALUE
    CACHE 1
);


--
-- Name: userauth_customuser_id_seq; Type: SEQUENCE; Schema: public; Owner: postgres
--

ALTER TABLE public.userauth_customuser ALTER COLUMN id ADD GENERATED BY DEFAULT AS IDENTITY (
    SEQUENCE NAME public.userauth_customuser_id_seq
    START WITH 1
    INCREMENT BY 1
    NO MINVALUE
    NO MAXVALUE
    CACHE 1
);


--
-- Name: userauth_customuser_user_permissions; Type: TABLE; Schema: public; Owner: postgres
--

CREATE TABLE public.userauth_customuser_user_permissions (
    id bigint NOT NULL,
    customuser_id bigint NOT NULL,
    permission_id integer NOT NULL
);


ALTER TABLE public.userauth_customuser_user_permissions OWNER TO postgres;

--
-- Name: userauth_customuser_user_permissions_id_seq; Type: SEQUENCE; Schema: public; Owner: postgres
--

ALTER TABLE public.userauth_customuser_user_permissions ALTER COLUMN id ADD GENERATED BY DEFAULT AS IDENTITY (
    SEQUENCE NAME public.userauth_customuser_user_permissions_id_seq
    START WITH 1
    INCREMENT BY 1
    NO MINVALUE
    NO MAXVALUE
    CACHE 1
);


--
-- Data for Name: account_emailaddress; Type: TABLE DATA; Schema: public; Owner: postgres
--

COPY public.account_emailaddress (id, email, verified, "primary", user_id) FROM stdin;
\.


--
-- Data for Name: account_emailconfirmation; Type: TABLE DATA; Schema: public; Owner: postgres
--

COPY public.account_emailconfirmation (id, created, sent, key, email_address_id) FROM stdin;
\.


--
-- Data for Name: auth_group; Type: TABLE DATA; Schema: public; Owner: postgres
--

COPY public.auth_group (id, name) FROM stdin;
\.


--
-- Data for Name: auth_group_permissions; Type: TABLE DATA; Schema: public; Owner: postgres
--

COPY public.auth_group_permissions (id, group_id, permission_id) FROM stdin;
\.


--
-- Data for Name: auth_permission; Type: TABLE DATA; Schema: public; Owner: postgres
--

COPY public.auth_permission (id, name, content_type_id, codename) FROM stdin;
1	Can add log entry	1	add_logentry
2	Can change log entry	1	change_logentry
3	Can delete log entry	1	delete_logentry
4	Can view log entry	1	view_logentry
5	Can add permission	2	add_permission
6	Can change permission	2	change_permission
7	Can delete permission	2	delete_permission
8	Can view permission	2	view_permission
9	Can add group	3	add_group
10	Can change group	3	change_group
11	Can delete group	3	delete_group
12	Can view group	3	view_group
13	Can add content type	4	add_contenttype
14	Can change content type	4	change_contenttype
15	Can delete content type	4	delete_contenttype
16	Can view content type	4	view_contenttype
17	Can add session	5	add_session
18	Can change session	5	change_session
19	Can delete session	5	delete_session
20	Can view session	5	view_session
21	Can add site	6	add_site
22	Can change site	6	change_site
23	Can delete site	6	delete_site
24	Can view site	6	view_site
25	Can add user	7	add_customuser
26	Can change user	7	change_customuser
27	Can delete user	7	delete_customuser
28	Can view user	7	view_customuser
29	Can add goal	8	add_goal
30	Can change goal	8	change_goal
31	Can delete goal	8	delete_goal
32	Can view goal	8	view_goal
33	Can add objective	9	add_objective
34	Can change objective	9	change_objective
35	Can delete objective	9	delete_objective
36	Can view objective	9	view_objective
37	Can add sprint	10	add_sprint
38	Can change sprint	10	change_sprint
39	Can delete sprint	10	delete_sprint
40	Can view sprint	10	view_sprint
41	Can add task	11	add_task
42	Can change task	11	change_task
43	Can delete task	11	delete_task
44	Can view task	11	view_task
45	Can add time table	12	add_timetable
46	Can change time table	12	change_timetable
47	Can delete time table	12	delete_timetable
48	Can view time table	12	view_timetable
49	Can add time table task	13	add_timetabletask
50	Can change time table task	13	change_timetabletask
51	Can delete time table task	13	delete_timetabletask
52	Can view time table task	13	view_timetabletask
53	Can add email address	14	add_emailaddress
54	Can change email address	14	change_emailaddress
55	Can delete email address	14	delete_emailaddress
56	Can view email address	14	view_emailaddress
57	Can add email confirmation	15	add_emailconfirmation
58	Can change email confirmation	15	change_emailconfirmation
59	Can delete email confirmation	15	delete_emailconfirmation
60	Can view email confirmation	15	view_emailconfirmation
61	Can add Token	16	add_token
62	Can change Token	16	change_token
63	Can delete Token	16	delete_token
64	Can view Token	16	view_token
65	Can add token	17	add_tokenproxy
66	Can change token	17	change_tokenproxy
67	Can delete token	17	delete_tokenproxy
68	Can view token	17	view_tokenproxy
\.


--
-- Data for Name: authtoken_token; Type: TABLE DATA; Schema: public; Owner: postgres
--

COPY public.authtoken_token (key, created, user_id) FROM stdin;
\.


--
-- Data for Name: django_admin_log; Type: TABLE DATA; Schema: public; Owner: postgres
--

COPY public.django_admin_log (id, action_time, object_id, object_repr, action_flag, change_message, content_type_id, user_id) FROM stdin;
\.


--
-- Data for Name: django_content_type; Type: TABLE DATA; Schema: public; Owner: postgres
--

COPY public.django_content_type (id, app_label, model) FROM stdin;
1	admin	logentry
2	auth	permission
3	auth	group
4	contenttypes	contenttype
5	sessions	session
6	sites	site
7	userauth	customuser
8	track	goal
9	track	objective
10	track	sprint
11	track	task
12	timetable	timetable
13	timetable	timetabletask
14	account	emailaddress
15	account	emailconfirmation
16	authtoken	token
17	authtoken	tokenproxy
\.


--
-- Data for Name: django_migrations; Type: TABLE DATA; Schema: public; Owner: postgres
--

COPY public.django_migrations (id, app, name, applied) FROM stdin;
1	contenttypes	0001_initial	2025-02-16 00:53:08.775864+00
2	contenttypes	0002_remove_content_type_name	2025-02-16 00:53:08.785645+00
3	auth	0001_initial	2025-02-16 00:53:08.863029+00
4	auth	0002_alter_permission_name_max_length	2025-02-16 00:53:08.873114+00
5	auth	0003_alter_user_email_max_length	2025-02-16 00:53:08.880889+00
6	auth	0004_alter_user_username_opts	2025-02-16 00:53:08.890472+00
7	auth	0005_alter_user_last_login_null	2025-02-16 00:53:08.898505+00
8	auth	0006_require_contenttypes_0002	2025-02-16 00:53:08.90193+00
9	auth	0007_alter_validators_add_error_messages	2025-02-16 00:53:08.907411+00
10	auth	0008_alter_user_username_max_length	2025-02-16 00:53:08.918958+00
11	auth	0009_alter_user_last_name_max_length	2025-02-16 00:53:08.923619+00
12	auth	0010_alter_group_name_max_length	2025-02-16 00:53:08.928966+00
13	auth	0011_update_proxy_permissions	2025-02-16 00:53:08.933286+00
14	auth	0012_alter_user_first_name_max_length	2025-02-16 00:53:08.937496+00
15	userauth	0001_initial	2025-02-16 00:53:09.015491+00
16	account	0001_initial	2025-02-16 00:53:09.089167+00
17	account	0002_email_max_length	2025-02-16 00:53:09.100841+00
18	account	0003_alter_emailaddress_create_unique_verified_email	2025-02-16 00:53:09.119426+00
19	account	0004_alter_emailaddress_drop_unique_email	2025-02-16 00:53:09.134123+00
20	account	0005_emailaddress_idx_upper_email	2025-02-16 00:53:09.144785+00
21	admin	0001_initial	2025-02-16 00:53:09.177715+00
22	admin	0002_logentry_remove_auto_add	2025-02-16 00:53:09.187727+00
23	admin	0003_logentry_add_action_flag_choices	2025-02-16 00:53:09.201003+00
24	authtoken	0001_initial	2025-02-16 00:53:09.222935+00
25	authtoken	0002_auto_20160226_1747	2025-02-16 00:53:09.248178+00
26	authtoken	0003_tokenproxy	2025-02-16 00:53:09.251202+00
27	sessions	0001_initial	2025-02-16 00:53:09.279732+00
28	sites	0001_initial	2025-02-16 00:53:09.293567+00
29	sites	0002_alter_domain_unique	2025-02-16 00:53:09.306751+00
30	timetable	0001_initial	2025-02-16 00:53:09.33981+00
31	timetable	0002_initial	2025-02-16 00:53:09.396808+00
32	track	0001_initial	2025-02-16 00:53:09.436425+00
33	track	0002_initial	2025-02-16 00:53:09.556319+00
\.


--
-- Data for Name: django_session; Type: TABLE DATA; Schema: public; Owner: postgres
--

COPY public.django_session (session_key, session_data, expire_date) FROM stdin;
xgkezuvw96bbt4bc2j72o433ncnw8srd	.eJxVjEEOwiAQRe_C2hBGKKJL956BMMyMVA0kpV0Z726bdKHb_977bxXTMpe4dJ7iSOqiQB1-N0z5yXUD9Ej13nRudZ5G1Juid9r1rRG_rrv7d1BSL2sdDCEIncUfGYIfgkGwxnFiZCuUTwNAQCIgWUmWjMTJimRy3ljH6vMFB3A5bA:1tjSuz:ZEYaW0zF4U6da0U9IPwAMJuHqYCxWv5ubWz-Kx9L2ms	2025-03-02 00:53:57.515597+00
\.


--
-- Data for Name: django_site; Type: TABLE DATA; Schema: public; Owner: postgres
--

COPY public.django_site (id, domain, name) FROM stdin;
1	example.com	example.com
\.


--
-- Data for Name: timetable_timetable; Type: TABLE DATA; Schema: public; Owner: postgres
--

COPY public.timetable_timetable (id, description, valid_from, valid_until, comments, owner_id) FROM stdin;
\.


--
-- Data for Name: timetable_timetabletask; Type: TABLE DATA; Schema: public; Owner: postgres
--

COPY public.timetable_timetabletask (id, start_time, end_time, description, comments, owner_id, timetable_id) FROM stdin;
\.


--
-- Data for Name: track_goal; Type: TABLE DATA; Schema: public; Owner: postgres
--

COPY public.track_goal (id, description, status, target_date, owner_id) FROM stdin;
\.


--
-- Data for Name: track_objective; Type: TABLE DATA; Schema: public; Owner: postgres
--

COPY public.track_objective (id, description, category, due_date, completion_date, effort_hours, effort_hours_left, status, progress, goal_id, owner_id) FROM stdin;
\.


--
-- Data for Name: track_sprint; Type: TABLE DATA; Schema: public; Owner: postgres
--

COPY public.track_sprint (id, title, description, start_date, end_date, status, comments, owner_id) FROM stdin;
\.


--
-- Data for Name: track_task; Type: TABLE DATA; Schema: public; Owner: postgres
--

COPY public.track_task (id, title, due_date, status, date_completed, start_time, end_time, effort_hours, backlog, date_added, objective_id, owner_id, sprint_id) FROM stdin;
\.


--
-- Data for Name: userauth_customuser; Type: TABLE DATA; Schema: public; Owner: postgres
--

COPY public.userauth_customuser (id, password, last_login, is_superuser, username, first_name, last_name, email, is_staff, is_active, date_joined) FROM stdin;
1	pbkdf2_sha256$720000$hdRhT0S9sE4bPuPDsWttTp$ex9JQ29bMxJg1nj/PiRQLsMPleQCN6C5A0sPkXOImUI=	2025-02-16 00:53:57.51197+00	t	sqadir			sqadir@gmail.com	t	t	2025-02-16 00:53:37.771157+00
\.


--
-- Data for Name: userauth_customuser_groups; Type: TABLE DATA; Schema: public; Owner: postgres
--

COPY public.userauth_customuser_groups (id, customuser_id, group_id) FROM stdin;
\.


--
-- Data for Name: userauth_customuser_user_permissions; Type: TABLE DATA; Schema: public; Owner: postgres
--

COPY public.userauth_customuser_user_permissions (id, customuser_id, permission_id) FROM stdin;
\.


--
-- Name: account_emailaddress_id_seq; Type: SEQUENCE SET; Schema: public; Owner: postgres
--

SELECT pg_catalog.setval('public.account_emailaddress_id_seq', 1, false);


--
-- Name: account_emailconfirmation_id_seq; Type: SEQUENCE SET; Schema: public; Owner: postgres
--

SELECT pg_catalog.setval('public.account_emailconfirmation_id_seq', 1, false);


--
-- Name: auth_group_id_seq; Type: SEQUENCE SET; Schema: public; Owner: postgres
--

SELECT pg_catalog.setval('public.auth_group_id_seq', 1, false);


--
-- Name: auth_group_permissions_id_seq; Type: SEQUENCE SET; Schema: public; Owner: postgres
--

SELECT pg_catalog.setval('public.auth_group_permissions_id_seq', 1, false);


--
-- Name: auth_permission_id_seq; Type: SEQUENCE SET; Schema: public; Owner: postgres
--

SELECT pg_catalog.setval('public.auth_permission_id_seq', 99, true);


--
-- Name: django_admin_log_id_seq; Type: SEQUENCE SET; Schema: public; Owner: postgres
--

SELECT pg_catalog.setval('public.django_admin_log_id_seq', 1, false);


--
-- Name: django_content_type_id_seq; Type: SEQUENCE SET; Schema: public; Owner: postgres
--

SELECT pg_catalog.setval('public.django_content_type_id_seq', 33, true);


--
-- Name: django_migrations_id_seq; Type: SEQUENCE SET; Schema: public; Owner: postgres
--

SELECT pg_catalog.setval('public.django_migrations_id_seq', 33, true);


--
-- Name: django_site_id_seq; Type: SEQUENCE SET; Schema: public; Owner: postgres
--

SELECT pg_catalog.setval('public.django_site_id_seq', 1, true);


--
-- Name: timetable_timetable_id_seq; Type: SEQUENCE SET; Schema: public; Owner: postgres
--

SELECT pg_catalog.setval('public.timetable_timetable_id_seq', 1, false);


--
-- Name: timetable_timetabletask_id_seq; Type: SEQUENCE SET; Schema: public; Owner: postgres
--

SELECT pg_catalog.setval('public.timetable_timetabletask_id_seq', 1, false);


--
-- Name: track_goal_id_seq; Type: SEQUENCE SET; Schema: public; Owner: postgres
--

SELECT pg_catalog.setval('public.track_goal_id_seq', 1, false);


--
-- Name: track_objective_id_seq; Type: SEQUENCE SET; Schema: public; Owner: postgres
--

SELECT pg_catalog.setval('public.track_objective_id_seq', 1, false);


--
-- Name: track_sprint_id_seq; Type: SEQUENCE SET; Schema: public; Owner: postgres
--

SELECT pg_catalog.setval('public.track_sprint_id_seq', 1, false);


--
-- Name: track_task_id_seq; Type: SEQUENCE SET; Schema: public; Owner: postgres
--

SELECT pg_catalog.setval('public.track_task_id_seq', 1, false);


--
-- Name: userauth_customuser_groups_id_seq; Type: SEQUENCE SET; Schema: public; Owner: postgres
--

SELECT pg_catalog.setval('public.userauth_customuser_groups_id_seq', 1, false);


--
-- Name: userauth_customuser_id_seq; Type: SEQUENCE SET; Schema: public; Owner: postgres
--

SELECT pg_catalog.setval('public.userauth_customuser_id_seq', 33, true);


--
-- Name: userauth_customuser_user_permissions_id_seq; Type: SEQUENCE SET; Schema: public; Owner: postgres
--

SELECT pg_catalog.setval('public.userauth_customuser_user_permissions_id_seq', 1, false);


--
-- Name: account_emailaddress account_emailaddress_pkey; Type: CONSTRAINT; Schema: public; Owner: postgres
--

ALTER TABLE ONLY public.account_emailaddress
    ADD CONSTRAINT account_emailaddress_pkey PRIMARY KEY (id);


--
-- Name: account_emailaddress account_emailaddress_user_id_email_987c8728_uniq; Type: CONSTRAINT; Schema: public; Owner: postgres
--

ALTER TABLE ONLY public.account_emailaddress
    ADD CONSTRAINT account_emailaddress_user_id_email_987c8728_uniq UNIQUE (user_id, email);


--
-- Name: account_emailconfirmation account_emailconfirmation_key_key; Type: CONSTRAINT; Schema: public; Owner: postgres
--

ALTER TABLE ONLY public.account_emailconfirmation
    ADD CONSTRAINT account_emailconfirmation_key_key UNIQUE (key);


--
-- Name: account_emailconfirmation account_emailconfirmation_pkey; Type: CONSTRAINT; Schema: public; Owner: postgres
--

ALTER TABLE ONLY public.account_emailconfirmation
    ADD CONSTRAINT account_emailconfirmation_pkey PRIMARY KEY (id);


--
-- Name: auth_group auth_group_name_key; Type: CONSTRAINT; Schema: public; Owner: postgres
--

ALTER TABLE ONLY public.auth_group
    ADD CONSTRAINT auth_group_name_key UNIQUE (name);


--
-- Name: auth_group_permissions auth_group_permissions_group_id_permission_id_0cd325b0_uniq; Type: CONSTRAINT; Schema: public; Owner: postgres
--

ALTER TABLE ONLY public.auth_group_permissions
    ADD CONSTRAINT auth_group_permissions_group_id_permission_id_0cd325b0_uniq UNIQUE (group_id, permission_id);


--
-- Name: auth_group_permissions auth_group_permissions_pkey; Type: CONSTRAINT; Schema: public; Owner: postgres
--

ALTER TABLE ONLY public.auth_group_permissions
    ADD CONSTRAINT auth_group_permissions_pkey PRIMARY KEY (id);


--
-- Name: auth_group auth_group_pkey; Type: CONSTRAINT; Schema: public; Owner: postgres
--

ALTER TABLE ONLY public.auth_group
    ADD CONSTRAINT auth_group_pkey PRIMARY KEY (id);


--
-- Name: auth_permission auth_permission_content_type_id_codename_01ab375a_uniq; Type: CONSTRAINT; Schema: public; Owner: postgres
--

ALTER TABLE ONLY public.auth_permission
    ADD CONSTRAINT auth_permission_content_type_id_codename_01ab375a_uniq UNIQUE (content_type_id, codename);


--
-- Name: auth_permission auth_permission_pkey; Type: CONSTRAINT; Schema: public; Owner: postgres
--

ALTER TABLE ONLY public.auth_permission
    ADD CONSTRAINT auth_permission_pkey PRIMARY KEY (id);


--
-- Name: authtoken_token authtoken_token_pkey; Type: CONSTRAINT; Schema: public; Owner: postgres
--

ALTER TABLE ONLY public.authtoken_token
    ADD CONSTRAINT authtoken_token_pkey PRIMARY KEY (key);


--
-- Name: authtoken_token authtoken_token_user_id_key; Type: CONSTRAINT; Schema: public; Owner: postgres
--

ALTER TABLE ONLY public.authtoken_token
    ADD CONSTRAINT authtoken_token_user_id_key UNIQUE (user_id);


--
-- Name: django_admin_log django_admin_log_pkey; Type: CONSTRAINT; Schema: public; Owner: postgres
--

ALTER TABLE ONLY public.django_admin_log
    ADD CONSTRAINT django_admin_log_pkey PRIMARY KEY (id);


--
-- Name: django_content_type django_content_type_app_label_model_76bd3d3b_uniq; Type: CONSTRAINT; Schema: public; Owner: postgres
--

ALTER TABLE ONLY public.django_content_type
    ADD CONSTRAINT django_content_type_app_label_model_76bd3d3b_uniq UNIQUE (app_label, model);


--
-- Name: django_content_type django_content_type_pkey; Type: CONSTRAINT; Schema: public; Owner: postgres
--

ALTER TABLE ONLY public.django_content_type
    ADD CONSTRAINT django_content_type_pkey PRIMARY KEY (id);


--
-- Name: django_migrations django_migrations_pkey; Type: CONSTRAINT; Schema: public; Owner: postgres
--

ALTER TABLE ONLY public.django_migrations
    ADD CONSTRAINT django_migrations_pkey PRIMARY KEY (id);


--
-- Name: django_session django_session_pkey; Type: CONSTRAINT; Schema: public; Owner: postgres
--

ALTER TABLE ONLY public.django_session
    ADD CONSTRAINT django_session_pkey PRIMARY KEY (session_key);


--
-- Name: django_site django_site_domain_a2e37b91_uniq; Type: CONSTRAINT; Schema: public; Owner: postgres
--

ALTER TABLE ONLY public.django_site
    ADD CONSTRAINT django_site_domain_a2e37b91_uniq UNIQUE (domain);


--
-- Name: django_site django_site_pkey; Type: CONSTRAINT; Schema: public; Owner: postgres
--

ALTER TABLE ONLY public.django_site
    ADD CONSTRAINT django_site_pkey PRIMARY KEY (id);


--
-- Name: timetable_timetable timetable_timetable_pkey; Type: CONSTRAINT; Schema: public; Owner: postgres
--

ALTER TABLE ONLY public.timetable_timetable
    ADD CONSTRAINT timetable_timetable_pkey PRIMARY KEY (id);


--
-- Name: timetable_timetabletask timetable_timetabletask_pkey; Type: CONSTRAINT; Schema: public; Owner: postgres
--

ALTER TABLE ONLY public.timetable_timetabletask
    ADD CONSTRAINT timetable_timetabletask_pkey PRIMARY KEY (id);


--
-- Name: track_goal track_goal_pkey; Type: CONSTRAINT; Schema: public; Owner: postgres
--

ALTER TABLE ONLY public.track_goal
    ADD CONSTRAINT track_goal_pkey PRIMARY KEY (id);


--
-- Name: track_objective track_objective_pkey; Type: CONSTRAINT; Schema: public; Owner: postgres
--

ALTER TABLE ONLY public.track_objective
    ADD CONSTRAINT track_objective_pkey PRIMARY KEY (id);


--
-- Name: track_sprint track_sprint_pkey; Type: CONSTRAINT; Schema: public; Owner: postgres
--

ALTER TABLE ONLY public.track_sprint
    ADD CONSTRAINT track_sprint_pkey PRIMARY KEY (id);


--
-- Name: track_task track_task_pkey; Type: CONSTRAINT; Schema: public; Owner: postgres
--

ALTER TABLE ONLY public.track_task
    ADD CONSTRAINT track_task_pkey PRIMARY KEY (id);


--
-- Name: userauth_customuser_groups userauth_customuser_groups_customuser_id_group_id_8af8ea00_uniq; Type: CONSTRAINT; Schema: public; Owner: postgres
--

ALTER TABLE ONLY public.userauth_customuser_groups
    ADD CONSTRAINT userauth_customuser_groups_customuser_id_group_id_8af8ea00_uniq UNIQUE (customuser_id, group_id);


--
-- Name: userauth_customuser_groups userauth_customuser_groups_pkey; Type: CONSTRAINT; Schema: public; Owner: postgres
--

ALTER TABLE ONLY public.userauth_customuser_groups
    ADD CONSTRAINT userauth_customuser_groups_pkey PRIMARY KEY (id);


--
-- Name: userauth_customuser userauth_customuser_pkey; Type: CONSTRAINT; Schema: public; Owner: postgres
--

ALTER TABLE ONLY public.userauth_customuser
    ADD CONSTRAINT userauth_customuser_pkey PRIMARY KEY (id);


--
-- Name: userauth_customuser_user_permissions userauth_customuser_user_customuser_id_permission_1988cb5a_uniq; Type: CONSTRAINT; Schema: public; Owner: postgres
--

ALTER TABLE ONLY public.userauth_customuser_user_permissions
    ADD CONSTRAINT userauth_customuser_user_customuser_id_permission_1988cb5a_uniq UNIQUE (customuser_id, permission_id);


--
-- Name: userauth_customuser_user_permissions userauth_customuser_user_permissions_pkey; Type: CONSTRAINT; Schema: public; Owner: postgres
--

ALTER TABLE ONLY public.userauth_customuser_user_permissions
    ADD CONSTRAINT userauth_customuser_user_permissions_pkey PRIMARY KEY (id);


--
-- Name: userauth_customuser userauth_customuser_username_key; Type: CONSTRAINT; Schema: public; Owner: postgres
--

ALTER TABLE ONLY public.userauth_customuser
    ADD CONSTRAINT userauth_customuser_username_key UNIQUE (username);


--
-- Name: account_emailaddress_upper; Type: INDEX; Schema: public; Owner: postgres
--

CREATE INDEX account_emailaddress_upper ON public.account_emailaddress USING btree (upper((email)::text));


--
-- Name: account_emailaddress_user_id_2c513194; Type: INDEX; Schema: public; Owner: postgres
--

CREATE INDEX account_emailaddress_user_id_2c513194 ON public.account_emailaddress USING btree (user_id);


--
-- Name: account_emailconfirmation_email_address_id_5b7f8c58; Type: INDEX; Schema: public; Owner: postgres
--

CREATE INDEX account_emailconfirmation_email_address_id_5b7f8c58 ON public.account_emailconfirmation USING btree (email_address_id);


--
-- Name: account_emailconfirmation_key_f43612bd_like; Type: INDEX; Schema: public; Owner: postgres
--

CREATE INDEX account_emailconfirmation_key_f43612bd_like ON public.account_emailconfirmation USING btree (key varchar_pattern_ops);


--
-- Name: auth_group_name_a6ea08ec_like; Type: INDEX; Schema: public; Owner: postgres
--

CREATE INDEX auth_group_name_a6ea08ec_like ON public.auth_group USING btree (name varchar_pattern_ops);


--
-- Name: auth_group_permissions_group_id_b120cbf9; Type: INDEX; Schema: public; Owner: postgres
--

CREATE INDEX auth_group_permissions_group_id_b120cbf9 ON public.auth_group_permissions USING btree (group_id);


--
-- Name: auth_group_permissions_permission_id_84c5c92e; Type: INDEX; Schema: public; Owner: postgres
--

CREATE INDEX auth_group_permissions_permission_id_84c5c92e ON public.auth_group_permissions USING btree (permission_id);


--
-- Name: auth_permission_content_type_id_2f476e4b; Type: INDEX; Schema: public; Owner: postgres
--

CREATE INDEX auth_permission_content_type_id_2f476e4b ON public.auth_permission USING btree (content_type_id);


--
-- Name: authtoken_token_key_10f0b77e_like; Type: INDEX; Schema: public; Owner: postgres
--

CREATE INDEX authtoken_token_key_10f0b77e_like ON public.authtoken_token USING btree (key varchar_pattern_ops);


--
-- Name: django_admin_log_content_type_id_c4bce8eb; Type: INDEX; Schema: public; Owner: postgres
--

CREATE INDEX django_admin_log_content_type_id_c4bce8eb ON public.django_admin_log USING btree (content_type_id);


--
-- Name: django_admin_log_user_id_c564eba6; Type: INDEX; Schema: public; Owner: postgres
--

CREATE INDEX django_admin_log_user_id_c564eba6 ON public.django_admin_log USING btree (user_id);


--
-- Name: django_session_expire_date_a5c62663; Type: INDEX; Schema: public; Owner: postgres
--

CREATE INDEX django_session_expire_date_a5c62663 ON public.django_session USING btree (expire_date);


--
-- Name: django_session_session_key_c0390e0f_like; Type: INDEX; Schema: public; Owner: postgres
--

CREATE INDEX django_session_session_key_c0390e0f_like ON public.django_session USING btree (session_key varchar_pattern_ops);


--
-- Name: django_site_domain_a2e37b91_like; Type: INDEX; Schema: public; Owner: postgres
--

CREATE INDEX django_site_domain_a2e37b91_like ON public.django_site USING btree (domain varchar_pattern_ops);


--
-- Name: timetable_timetable_owner_id_92e6118b; Type: INDEX; Schema: public; Owner: postgres
--

CREATE INDEX timetable_timetable_owner_id_92e6118b ON public.timetable_timetable USING btree (owner_id);


--
-- Name: timetable_timetabletask_owner_id_8fc59173; Type: INDEX; Schema: public; Owner: postgres
--

CREATE INDEX timetable_timetabletask_owner_id_8fc59173 ON public.timetable_timetabletask USING btree (owner_id);


--
-- Name: timetable_timetabletask_timetable_id_e15e1888; Type: INDEX; Schema: public; Owner: postgres
--

CREATE INDEX timetable_timetabletask_timetable_id_e15e1888 ON public.timetable_timetabletask USING btree (timetable_id);


--
-- Name: track_goal_owner_id_e3bb29e9; Type: INDEX; Schema: public; Owner: postgres
--

CREATE INDEX track_goal_owner_id_e3bb29e9 ON public.track_goal USING btree (owner_id);


--
-- Name: track_objective_goal_id_1ca4b86f; Type: INDEX; Schema: public; Owner: postgres
--

CREATE INDEX track_objective_goal_id_1ca4b86f ON public.track_objective USING btree (goal_id);


--
-- Name: track_objective_owner_id_09b427f9; Type: INDEX; Schema: public; Owner: postgres
--

CREATE INDEX track_objective_owner_id_09b427f9 ON public.track_objective USING btree (owner_id);


--
-- Name: track_sprint_owner_id_8aa4f68c; Type: INDEX; Schema: public; Owner: postgres
--

CREATE INDEX track_sprint_owner_id_8aa4f68c ON public.track_sprint USING btree (owner_id);


--
-- Name: track_task_objective_id_f9f6a530; Type: INDEX; Schema: public; Owner: postgres
--

CREATE INDEX track_task_objective_id_f9f6a530 ON public.track_task USING btree (objective_id);


--
-- Name: track_task_owner_id_a80dc8fb; Type: INDEX; Schema: public; Owner: postgres
--

CREATE INDEX track_task_owner_id_a80dc8fb ON public.track_task USING btree (owner_id);


--
-- Name: track_task_sprint_id_a77fb3d0; Type: INDEX; Schema: public; Owner: postgres
--

CREATE INDEX track_task_sprint_id_a77fb3d0 ON public.track_task USING btree (sprint_id);


--
-- Name: unique_verified_email; Type: INDEX; Schema: public; Owner: postgres
--

CREATE UNIQUE INDEX unique_verified_email ON public.account_emailaddress USING btree (email) WHERE verified;


--
-- Name: userauth_customuser_groups_customuser_id_56afbfb4; Type: INDEX; Schema: public; Owner: postgres
--

CREATE INDEX userauth_customuser_groups_customuser_id_56afbfb4 ON public.userauth_customuser_groups USING btree (customuser_id);


--
-- Name: userauth_customuser_groups_group_id_f4f3f0f1; Type: INDEX; Schema: public; Owner: postgres
--

CREATE INDEX userauth_customuser_groups_group_id_f4f3f0f1 ON public.userauth_customuser_groups USING btree (group_id);


--
-- Name: userauth_customuser_user_permissions_customuser_id_f40c716f; Type: INDEX; Schema: public; Owner: postgres
--

CREATE INDEX userauth_customuser_user_permissions_customuser_id_f40c716f ON public.userauth_customuser_user_permissions USING btree (customuser_id);


--
-- Name: userauth_customuser_user_permissions_permission_id_1d4f13c4; Type: INDEX; Schema: public; Owner: postgres
--

CREATE INDEX userauth_customuser_user_permissions_permission_id_1d4f13c4 ON public.userauth_customuser_user_permissions USING btree (permission_id);


--
-- Name: userauth_customuser_username_b3ca4138_like; Type: INDEX; Schema: public; Owner: postgres
--

CREATE INDEX userauth_customuser_username_b3ca4138_like ON public.userauth_customuser USING btree (username varchar_pattern_ops);


--
-- Name: account_emailaddress account_emailaddress_user_id_2c513194_fk_userauth_customuser_id; Type: FK CONSTRAINT; Schema: public; Owner: postgres
--

ALTER TABLE ONLY public.account_emailaddress
    ADD CONSTRAINT account_emailaddress_user_id_2c513194_fk_userauth_customuser_id FOREIGN KEY (user_id) REFERENCES public.userauth_customuser(id) DEFERRABLE INITIALLY DEFERRED;


--
-- Name: account_emailconfirmation account_emailconfirm_email_address_id_5b7f8c58_fk_account_e; Type: FK CONSTRAINT; Schema: public; Owner: postgres
--

ALTER TABLE ONLY public.account_emailconfirmation
    ADD CONSTRAINT account_emailconfirm_email_address_id_5b7f8c58_fk_account_e FOREIGN KEY (email_address_id) REFERENCES public.account_emailaddress(id) DEFERRABLE INITIALLY DEFERRED;


--
-- Name: auth_group_permissions auth_group_permissio_permission_id_84c5c92e_fk_auth_perm; Type: FK CONSTRAINT; Schema: public; Owner: postgres
--

ALTER TABLE ONLY public.auth_group_permissions
    ADD CONSTRAINT auth_group_permissio_permission_id_84c5c92e_fk_auth_perm FOREIGN KEY (permission_id) REFERENCES public.auth_permission(id) DEFERRABLE INITIALLY DEFERRED;


--
-- Name: auth_group_permissions auth_group_permissions_group_id_b120cbf9_fk_auth_group_id; Type: FK CONSTRAINT; Schema: public; Owner: postgres
--

ALTER TABLE ONLY public.auth_group_permissions
    ADD CONSTRAINT auth_group_permissions_group_id_b120cbf9_fk_auth_group_id FOREIGN KEY (group_id) REFERENCES public.auth_group(id) DEFERRABLE INITIALLY DEFERRED;


--
-- Name: auth_permission auth_permission_content_type_id_2f476e4b_fk_django_co; Type: FK CONSTRAINT; Schema: public; Owner: postgres
--

ALTER TABLE ONLY public.auth_permission
    ADD CONSTRAINT auth_permission_content_type_id_2f476e4b_fk_django_co FOREIGN KEY (content_type_id) REFERENCES public.django_content_type(id) DEFERRABLE INITIALLY DEFERRED;


--
-- Name: authtoken_token authtoken_token_user_id_35299eff_fk_userauth_customuser_id; Type: FK CONSTRAINT; Schema: public; Owner: postgres
--

ALTER TABLE ONLY public.authtoken_token
    ADD CONSTRAINT authtoken_token_user_id_35299eff_fk_userauth_customuser_id FOREIGN KEY (user_id) REFERENCES public.userauth_customuser(id) DEFERRABLE INITIALLY DEFERRED;


--
-- Name: django_admin_log django_admin_log_content_type_id_c4bce8eb_fk_django_co; Type: FK CONSTRAINT; Schema: public; Owner: postgres
--

ALTER TABLE ONLY public.django_admin_log
    ADD CONSTRAINT django_admin_log_content_type_id_c4bce8eb_fk_django_co FOREIGN KEY (content_type_id) REFERENCES public.django_content_type(id) DEFERRABLE INITIALLY DEFERRED;


--
-- Name: django_admin_log django_admin_log_user_id_c564eba6_fk_userauth_customuser_id; Type: FK CONSTRAINT; Schema: public; Owner: postgres
--

ALTER TABLE ONLY public.django_admin_log
    ADD CONSTRAINT django_admin_log_user_id_c564eba6_fk_userauth_customuser_id FOREIGN KEY (user_id) REFERENCES public.userauth_customuser(id) DEFERRABLE INITIALLY DEFERRED;


--
-- Name: timetable_timetable timetable_timetable_owner_id_92e6118b_fk_userauth_customuser_id; Type: FK CONSTRAINT; Schema: public; Owner: postgres
--

ALTER TABLE ONLY public.timetable_timetable
    ADD CONSTRAINT timetable_timetable_owner_id_92e6118b_fk_userauth_customuser_id FOREIGN KEY (owner_id) REFERENCES public.userauth_customuser(id) DEFERRABLE INITIALLY DEFERRED;


--
-- Name: timetable_timetabletask timetable_timetablet_owner_id_8fc59173_fk_userauth_; Type: FK CONSTRAINT; Schema: public; Owner: postgres
--

ALTER TABLE ONLY public.timetable_timetabletask
    ADD CONSTRAINT timetable_timetablet_owner_id_8fc59173_fk_userauth_ FOREIGN KEY (owner_id) REFERENCES public.userauth_customuser(id) DEFERRABLE INITIALLY DEFERRED;


--
-- Name: timetable_timetabletask timetable_timetablet_timetable_id_e15e1888_fk_timetable; Type: FK CONSTRAINT; Schema: public; Owner: postgres
--

ALTER TABLE ONLY public.timetable_timetabletask
    ADD CONSTRAINT timetable_timetablet_timetable_id_e15e1888_fk_timetable FOREIGN KEY (timetable_id) REFERENCES public.timetable_timetable(id) DEFERRABLE INITIALLY DEFERRED;


--
-- Name: track_goal track_goal_owner_id_e3bb29e9_fk_userauth_customuser_id; Type: FK CONSTRAINT; Schema: public; Owner: postgres
--

ALTER TABLE ONLY public.track_goal
    ADD CONSTRAINT track_goal_owner_id_e3bb29e9_fk_userauth_customuser_id FOREIGN KEY (owner_id) REFERENCES public.userauth_customuser(id) DEFERRABLE INITIALLY DEFERRED;


--
-- Name: track_objective track_objective_goal_id_1ca4b86f_fk_track_goal_id; Type: FK CONSTRAINT; Schema: public; Owner: postgres
--

ALTER TABLE ONLY public.track_objective
    ADD CONSTRAINT track_objective_goal_id_1ca4b86f_fk_track_goal_id FOREIGN KEY (goal_id) REFERENCES public.track_goal(id) DEFERRABLE INITIALLY DEFERRED;


--
-- Name: track_objective track_objective_owner_id_09b427f9_fk_userauth_customuser_id; Type: FK CONSTRAINT; Schema: public; Owner: postgres
--

ALTER TABLE ONLY public.track_objective
    ADD CONSTRAINT track_objective_owner_id_09b427f9_fk_userauth_customuser_id FOREIGN KEY (owner_id) REFERENCES public.userauth_customuser(id) DEFERRABLE INITIALLY DEFERRED;


--
-- Name: track_sprint track_sprint_owner_id_8aa4f68c_fk_userauth_customuser_id; Type: FK CONSTRAINT; Schema: public; Owner: postgres
--

ALTER TABLE ONLY public.track_sprint
    ADD CONSTRAINT track_sprint_owner_id_8aa4f68c_fk_userauth_customuser_id FOREIGN KEY (owner_id) REFERENCES public.userauth_customuser(id) DEFERRABLE INITIALLY DEFERRED;


--
-- Name: track_task track_task_objective_id_f9f6a530_fk_track_objective_id; Type: FK CONSTRAINT; Schema: public; Owner: postgres
--

ALTER TABLE ONLY public.track_task
    ADD CONSTRAINT track_task_objective_id_f9f6a530_fk_track_objective_id FOREIGN KEY (objective_id) REFERENCES public.track_objective(id) DEFERRABLE INITIALLY DEFERRED;


--
-- Name: track_task track_task_owner_id_a80dc8fb_fk_userauth_customuser_id; Type: FK CONSTRAINT; Schema: public; Owner: postgres
--

ALTER TABLE ONLY public.track_task
    ADD CONSTRAINT track_task_owner_id_a80dc8fb_fk_userauth_customuser_id FOREIGN KEY (owner_id) REFERENCES public.userauth_customuser(id) DEFERRABLE INITIALLY DEFERRED;


--
-- Name: track_task track_task_sprint_id_a77fb3d0_fk_track_sprint_id; Type: FK CONSTRAINT; Schema: public; Owner: postgres
--

ALTER TABLE ONLY public.track_task
    ADD CONSTRAINT track_task_sprint_id_a77fb3d0_fk_track_sprint_id FOREIGN KEY (sprint_id) REFERENCES public.track_sprint(id) DEFERRABLE INITIALLY DEFERRED;


--
-- Name: userauth_customuser_groups userauth_customuser__customuser_id_56afbfb4_fk_userauth_; Type: FK CONSTRAINT; Schema: public; Owner: postgres
--

ALTER TABLE ONLY public.userauth_customuser_groups
    ADD CONSTRAINT userauth_customuser__customuser_id_56afbfb4_fk_userauth_ FOREIGN KEY (customuser_id) REFERENCES public.userauth_customuser(id) DEFERRABLE INITIALLY DEFERRED;


--
-- Name: userauth_customuser_user_permissions userauth_customuser__customuser_id_f40c716f_fk_userauth_; Type: FK CONSTRAINT; Schema: public; Owner: postgres
--

ALTER TABLE ONLY public.userauth_customuser_user_permissions
    ADD CONSTRAINT userauth_customuser__customuser_id_f40c716f_fk_userauth_ FOREIGN KEY (customuser_id) REFERENCES public.userauth_customuser(id) DEFERRABLE INITIALLY DEFERRED;


--
-- Name: userauth_customuser_user_permissions userauth_customuser__permission_id_1d4f13c4_fk_auth_perm; Type: FK CONSTRAINT; Schema: public; Owner: postgres
--

ALTER TABLE ONLY public.userauth_customuser_user_permissions
    ADD CONSTRAINT userauth_customuser__permission_id_1d4f13c4_fk_auth_perm FOREIGN KEY (permission_id) REFERENCES public.auth_permission(id) DEFERRABLE INITIALLY DEFERRED;


--
-- Name: userauth_customuser_groups userauth_customuser_groups_group_id_f4f3f0f1_fk_auth_group_id; Type: FK CONSTRAINT; Schema: public; Owner: postgres
--

ALTER TABLE ONLY public.userauth_customuser_groups
    ADD CONSTRAINT userauth_customuser_groups_group_id_f4f3f0f1_fk_auth_group_id FOREIGN KEY (group_id) REFERENCES public.auth_group(id) DEFERRABLE INITIALLY DEFERRED;


--
-- PostgreSQL database dump complete
--

--
-- Database "postgres" dump
--

--
-- PostgreSQL database dump
--

-- Dumped from database version 13.19 (Debian 13.19-1.pgdg120+1)
-- Dumped by pg_dump version 13.19 (Debian 13.19-1.pgdg120+1)

SET statement_timeout = 0;
SET lock_timeout = 0;
SET idle_in_transaction_session_timeout = 0;
SET client_encoding = 'UTF8';
SET standard_conforming_strings = on;
SELECT pg_catalog.set_config('search_path', '', false);
SET check_function_bodies = false;
SET xmloption = content;
SET client_min_messages = warning;
SET row_security = off;

DROP DATABASE postgres;
--
-- Name: postgres; Type: DATABASE; Schema: -; Owner: postgres
--

CREATE DATABASE postgres WITH TEMPLATE = template0 ENCODING = 'UTF8' LOCALE = 'en_US.utf8';


ALTER DATABASE postgres OWNER TO postgres;

\connect postgres

SET statement_timeout = 0;
SET lock_timeout = 0;
SET idle_in_transaction_session_timeout = 0;
SET client_encoding = 'UTF8';
SET standard_conforming_strings = on;
SELECT pg_catalog.set_config('search_path', '', false);
SET check_function_bodies = false;
SET xmloption = content;
SET client_min_messages = warning;
SET row_security = off;

--
-- Name: DATABASE postgres; Type: COMMENT; Schema: -; Owner: postgres
--

COMMENT ON DATABASE postgres IS 'default administrative connection database';


--
-- PostgreSQL database dump complete
--

--
-- PostgreSQL database cluster dump complete
--

